Time,Team 1,Team 2,Score 1,Score 2,Players,Pred,SkillDiff,NLL,Outcome
9/19/2023 19:10:00,Red for Filth,Limoncellhoes,1,5,8,0.5364921342816614,0,0.7689319238541179,0
9/19/2023 19:10:00,The Grey Agenda,Gay Grimaces,1,5,8,0.5000000150000002,0,0.6931472105599462,0
9/19/2023 19:30:00,Booooo Bs,Coochie Monsters,2,3,8,0.46195894396485687,0,0.6198204093990107,0
9/19/2023 19:30:00,Gay Grimaces,Red for Filth,2,2,8,0.5463649377881058,1271.0646530402519,0.6931471805599453,0.5
9/19/2023 19:50:00,Booooo Bs,Limoncellhoes,4,0,8,0.38536733066287837,-3050.0676178734557,0.9535582939459459,1
9/19/2023 19:50:00,The Grey Agenda,Coochie Monsters,1,3,8,0.42231892271315025,-2095.154597091545,0.5487333319904274,0
9/26/2023 19:10:00,Gay Grimaces,Booooo Bs,0,6,8,0.5654682635942088,1724.4549235677787,0.8334862957339633,0
9/26/2023 19:10:00,The Grey Agenda,Red for Filth,3,2,8,0.4306213999505631,-1906.4040564932402,0.842525997305907,1
9/26/2023 19:30:00,Gay Grimaces,Coochie Monsters,0,5,8,0.4189762318804876,-2184.9456511520384,0.5429636139833053,0
9/26/2023 19:30:00,Limoncellhoes,The Grey Agenda,2,1,8,0.5246257076413693,659.9262870589228,0.6450702084775038,1
9/26/2023 19:50:00,Booooo Bs,Red for Filth,3,2,8,0.5629503777919729,1692.4331157318938,0.5745637936399234,1
9/26/2023 19:50:00,Coochie Monsters,Limoncellhoes,3,3,8,0.5762062058789486,2053.0268611549636,0.6931471805599453,0.5
10/3/2023 19:10:00,Limoncellhoes,Gay Grimaces,1,3,8,0.5793185077745718,2136.751221346889,0.8658792821619591,0
10/3/2023 19:10:00,Red for Filth,Coochie Monsters,2,2,8,0.3199874873317451,-5096.641041122641,0.6931471805599453,0.5
10/3/2023 19:30:00,Coochie Monsters,The Grey Agenda,5,0,8,0.6528573282666659,4195.355107002642,0.4263966601521591,1
10/3/2023 19:30:00,Limoncellhoes,Booooo Bs,2,2,8,0.44649121869464176,-1405.6611391482402,0.6931471805599453,0.5
10/3/2023 19:50:00,Booooo Bs,The Grey Agenda,4,0,8,0.640768961132357,3766.289089921758,0.4450863220847177,1
10/3/2023 19:50:00,Red for Filth,Gay Grimaces,1,3,8,0.4271584278722607,-1999.7122351939033,0.557146088930636,0
10/10/2023 19:10:00,Coochie Monsters,Gay Grimaces,4,0,8,0.5810372896894223,2181.812518428407,0.5429403422802918,1
10/10/2023 19:10:00,The Grey Agenda,Limoncellhoes,1,3,8,0.3744649880103626,-3413.8411314113437,0.46914797623778287,0
10/10/2023 19:30:00,Booooo Bs,Coochie Monsters,0,4,8,0.41782546180856,-2165.70306056178,0.5409849824101312,0
10/10/2023 19:30:00,Limoncellhoes,Red for Filth,4,2,8,0.6328204249574306,3693.0655042665803,0.4575685859360754,1
10/10/2023 19:50:00,Gay Grimaces,The Grey Agenda,1,3,8,0.6589295112610412,4367.103876963888,1.0756661112161157,0
10/10/2023 19:50:00,Red for Filth,Booooo Bs,0,3,8,0.3251607457013032,-4833.130173079118,0.393280758249572,0
10/17/2023 19:10:00,Booooo Bs,Gay Grimaces,1,3,8,0.6126475574641153,2986.1373003266053,0.9484202961647554,0
10/17/2023 19:10:00,Red for Filth,The Grey Agenda,1,4,8,0.4409089366629371,-1617.268342150027,0.5814429150925524,0
10/17/2023 19:30:00,Coochie Monsters,Red for Filth,3,1,8,0.8344419278408308,10569.404862036372,0.18099212746785603,1
10/17/2023 19:30:00,Gay Grimaces,Limoncellhoes,2,1,8,0.44096746290022387,-1582.3355902276435,0.8187841865287904,1
10/17/2023 19:50:00,Limoncellhoes,Coochie Monsters,2,3,8,0.31976654621450773,-4989.2874308783685,0.38531922534045543,0
10/17/2023 19:50:00,The Grey Agenda,Booooo Bs,0,6,8,0.3994993239012311,-2655.7543166795003,0.5099915115696954,0
10/24/2023 19:10:00,Limoncellhoes,Booooo Bs,1,4,8,0.43605197835666587,-1678.0213052921918,0.5727931919379453,0
10/24/2023 19:10:00,The Grey Agenda,Gay Grimaces,4,1,8,0.3511225664718986,-4071.09407053412,1.0466199242420566,1
10/24/2023 19:30:00,Coochie Monsters,Booooo Bs,3,2,8,0.6467252536956762,3924.0641127176314,0.43583372119820063,1
10/24/2023 19:30:00,Red for Filth,Limoncellhoes,2,3,8,0.32687191986082553,-4874.456927714811,0.39581965520202844,0
10/24/2023 19:50:00,Coochie Monsters,The Grey Agenda,3,2,8,0.7917689038645799,8650.616325159905,0.23348571779589986,1
10/24/2023 19:50:00,Gay Grimaces,Red for Filth,3,1,8,0.7320860779442129,6726.645051740446,0.31185717911435623,1
11/7/2023 19:10:00,Gay Grimaces,The Grey Agenda,4,3,8,0.5996604291635586,2686.4881002084094,0.5113917353710006,1
11/7/2023 19:10:00,Limoncellhoes,Red for Filth,5,1,8,0.7426855189447117,7077.516926999485,0.2974825823497904,1
11/7/2023 19:30:00,Booooo Bs,Limoncellhoes,1,3,8,0.5536505529204625,1404.6527172133428,0.806653120117391,0
11/7/2023 19:30:00,Coochie Monsters,Gay Grimaces,1,2,8,0.7200386229762458,6202.010558796392,1.2731036245282517,0
11/7/2023 19:50:00,Gay Grimaces,Limoncellhoes,2,4,8,0.5557970881234473,1491.7271040488686,0.8114738122156223,0
1/31/2024 20:30:00,Naughty Nympho Navy,Green Beans,2,3,8,0.5025962245893764,-1930.5597024245208,0.6983531573508797,0
1/31/2024 20:50:00,H2-Ho,Mommy’s DisappointMints,3,1,8,0.4927902102514089,-1192.9885514323933,0.7076717325214144,1
1/31/2024 20:50:00,Stupid Cupids,The Orangynas,4,1,8,0.5315832749737865,845.2654555000881,0.6318954143125683,1
1/31/2024 21:10:00,"Be Gay, Do Lime",blU-Haul,5,2,8,0.5341746401275616,3914.8626918383425,0.627032452050955,1
1/31/2024 21:10:00,Flint Flickers,Violent Violets,3,4,8,0.579361543389098,3137.486751705122,0.8659815871521669,0
2/7/2024 19:50:00,"Be Gay, Do Lime",Stupid Cupids,1,4,8,0.538385610306314,1027.0363098397247,0.7730253907609467,0
2/7/2024 19:50:00,Naughty Nympho Navy,H2-Ho,3,4,8,0.4567959079627585,-1158.2385057917854,0.6102701695604995,0
2/7/2024 20:10:00,Green Beans,Flint Flickers,3,3,8,0.5748858572705796,2013.326206510119,0.6931471805599453,0.5
2/7/2024 20:10:00,The Orangynas,Violent Violets,4,2,8,0.4427434450533688,-1536.1908065063362,0.8147648075030561,1
2/7/2024 20:30:00,Mommy’s DisappointMints,Naughty Nympho Navy,4,3,8,0.5073964759314255,197.8093020713677,0.6784625771871025,1
2/7/2024 20:30:00,Stupid Cupids,blU-Haul,1,3,8,0.609012494501846,2951.110438376896,0.9390796747550392,0
2/7/2024 20:50:00,The Orangynas,Green Beans,2,3,8,0.42421419620729667,-2036.4490476332776,0.5520195558618969,0
2/7/2024 20:50:00,Violent Violets,"Be Gay, Do Lime",6,2,8,0.4123145439465895,-2361.824919704368,0.8859687647359925,1
2/7/2024 21:10:00,blU-Haul,H2-Ho,1,4,8,0.45392748478489015,-1234.8562978741702,0.6050035003066462,0
2/7/2024 21:10:00,Flint Flickers,Mommy’s DisappointMints,4,3,8,0.49670586588389076,-88.04154472683331,0.6997572472266864,1
2/14/2024 19:50:00,Flint Flickers,Naughty Nympho Navy,4,2,8,0.6181114259610626,3203.135836302068,0.4810865368688332,1
2/14/2024 19:50:00,Stupid Cupids,Green Beans,4,1,8,0.44888637765435957,-1368.347781728784,0.8009854797131565,1
2/14/2024 20:10:00,"Be Gay, Do Lime",Mommy’s DisappointMints,2,3,8,0.5402818088415564,1077.4478846990314,0.777141605148583,0
2/14/2024 20:10:00,The Orangynas,H2-Ho,1,4,8,0.3475590631778786,-4177.752888403646,0.4270346621625892,0
2/14/2024 20:30:00,blU-Haul,Naughty Nympho Navy,2,2,8,0.6029172099977582,2781.1564974111225,0.6931471805599453,0.5
2/14/2024 20:30:00,Violent Violets,Stupid Cupids,4,2,8,0.41730770230776304,-2224.589882057924,0.8739314340717106,1
2/14/2024 20:50:00,Green Beans,"Be Gay, Do Lime",3,3,8,0.591282298633214,2456.7403295451677,0.6931471805599453,0.5
2/14/2024 20:50:00,H2-Ho,Flint Flickers,7,2,8,0.5691283230512435,1855.9376069221762,0.5636493464665854,1
2/14/2024 21:10:00,Mommy’s DisappointMints,The Orangynas,4,2,8,0.5805871816281722,2166.5906952943114,0.5437153054373026,1
2/14/2024 21:10:00,Violent Violets,blU-Haul,3,2,8,0.5649125244419136,1741.6684364674347,0.5710843838187813,1
2/21/2024 19:50:00,Green Beans,blU-Haul,2,3,8,0.5992365577976857,2675.8863243559754,0.9143839454416299,0
2/21/2024 19:50:00,The Orangynas,Flint Flickers,0,5,8,0.3580065637263818,-3872.52788472716,0.4431771992173089,0
2/21/2024 20:10:00,H2-Ho,"Be Gay, Do Lime",4,1,8,0.6947843370148894,5423.984073143827,0.3641537880257511,1
2/21/2024 20:10:00,Mommy’s DisappointMints,Stupid Cupids,3,2,8,0.4946405867671646,-143.0388309560276,0.7039238674815881,1
2/21/2024 20:30:00,Green Beans,Violent Violets,3,3,8,0.4222048155970386,-2088.959487500668,0.6931471805599453,0.5
2/21/2024 20:30:00,Naughty Nympho Navy,The Orangynas,1,3,8,0.533878037134107,905.148463380413,0.7633079562117691,0
2/21/2024 20:50:00,blU-Haul,Flint Flickers,1,3,8,0.4281327584402701,-1927.968413142853,0.55884840971589,0
2/21/2024 20:50:00,Stupid Cupids,H2-Ho,0,3,8,0.3125041022224387,-5203.614472239493,0.3746994163282142,0
2/21/2024 21:10:00,"Be Gay, Do Lime",Naughty Nympho Navy,0,5,8,0.5894414580226757,2405.613997198503,0.8902367488634796,0
2/21/2024 21:10:00,Violent Violets,Mommy’s DisappointMints,2,4,8,0.49933933610654246,-17.63298817269424,0.6918267249583798,0
2/28/2024 19:50:00,"Be Gay, Do Lime",The Orangynas,5,0,8,0.5005268162098202,14.03842676577733,0.692094102821357,1
2/28/2024 19:50:00,Stupid Cupids,Flint Flickers,2,3,8,0.38176514245925863,-3199.8234037585316,0.48088686533386604,0
2/28/2024 20:10:00,Mommy’s DisappointMints,blU-Haul,4,0,8,0.6525014548649317,4172.704557759322,0.42694191010971805,1
2/28/2024 20:10:00,Naughty Nympho Navy,Violent Violets,3,5,8,0.3624481287180036,-3745.574483254004,0.45011963854279047,0
2/28/2024 20:30:00,Flint Flickers,"Be Gay, Do Lime",4,1,8,0.6842852909259335,5098.296039566405,0.3793803563212958,1
2/28/2024 20:30:00,H2-Ho,Green Beans,1,3,8,0.7072994306304391,5804.278541360876,1.228605140053661,0
2/28/2024 20:50:00,blU-Haul,The Orangynas,2,3,8,0.5668959403804463,1791.654343182181,0.8367772574054545,0
2/28/2024 20:50:00,Naughty Nympho Navy,Stupid Cupids,3,3,8,0.42048871380400193,-2133.77372053598,0.6931471805599453,0.5
2/28/2024 21:10:00,H2-Ho,Violent Violets,4,1,8,0.6057983174939301,2856.293729175659,0.5012081577221238,1
2/28/2024 21:10:00,Mommy’s DisappointMints,Green Beans,4,0,8,0.58237699554701,2211.1556388849913,0.5406372822839554,1
3/6/2024 19:50:00,"Be Gay, Do Lime",blU-Haul,1,3,8,0.5240132049916792,639.9730371239166,0.7423651667146799,0
3/6/2024 19:50:00,The Orangynas,Naughty Nympho Navy,3,4,8,0.5303502440762518,809.4744457769393,0.755768062239931,0
3/6/2024 20:10:00,Flint Flickers,Stupid Cupids,4,1,8,0.704719364050462,5717.753865334671,0.349955620595492,1
3/6/2024 20:10:00,Mommy’s DisappointMints,Naughty Nympho Navy,2,3,8,0.745799880634278,7031.206351969564,1.3696334506528498,0
3/6/2024 20:30:00,H2-Ho,blU-Haul,4,3,8,0.7586993638231149,7467.363997509585,0.27614967514760025,1
3/6/2024 20:30:00,Violent Violets,Green Beans,4,3,8,0.5076624183052296,204.13745205642954,0.6779385831973957,1
3/6/2024 20:50:00,H2-Ho,Violent Violets,5,2,8,0.6519060340347045,4152.4498601533705,0.4278548470203826,1
3/6/2024 20:50:00,Naughty Nympho Navy,Flint Flickers,2,4,8,0.2957045081048281,-5703.5807184172845,0.3505572780816258,0
3/6/2024 21:10:00,H2-Ho,Flint Flickers,4,3,8,0.5510583028793237,1363.9970625206442,0.5959146625788698,1
4/10/2024 19:20:00,Blue is the Warmest Dodgeball,Blue-Footed Boobies,4,1,8,0.5281134098158706,-249.90777097495447,0.6384442270222913,1
4/10/2024 19:20:00,Red Dyke District,Glacial Gushers,0,5,8,0.5104131131577183,-722.0617503703934,0.7141933315530751,0
4/10/2024 19:40:00,Inti-MINT-cy issues,Let's Have a Kiwi,3,2,8,0.5617678577254853,2655.1677259220924,0.576666578968505,1
4/10/2024 19:40:00,Purple Pounders,Honey Nut Queerios,4,3,8,0.4835952120690392,-1428.6176115421167,0.7265070608921667,1
4/10/2024 20:00:00,Blue-Footed Boobies,Lemon Drop Thots,3,3,8,0.4100909684793966,583.6332182931747,0.6931471805599453,0.5
4/10/2024 20:00:00,Bubblegum Bitches,Blue is the Warmest Dodgeball,2,3,8,0.4693504719168901,-4818.533757360031,0.633653498093254,0
4/10/2024 20:20:00,Glacial Gushers,Honey Nut Queerios,3,3,8,0.4756514467620711,-636.4104750932438,0.6931471805599453,0.5
4/10/2024 20:20:00,Let's Have a Kiwi,Red Dyke District,2,3,8,0.5486278898576333,1300.3930939068869,0.795463201748147,0
4/10/2024 20:40:00,Bubblegum Bitches,Inti-MINT-cy issues,0,6,8,0.36825272194409353,-3580.976346206522,0.45926584130102366,0
4/10/2024 20:40:00,Lemon Drop Thots,Purple Pounders,3,4,8,0.4445026830219801,-1484.1794793118515,0.5878914998366728,0
4/17/2024 19:20:00,Honey Nut Queerios,Let's Have a Kiwi,4,3,8,0.582892521017738,2179.8830504255984,0.5397524646567309,1
4/17/2024 19:20:00,Red Dyke District,Bubblegum Bitches,3,2,8,0.5255639691964601,682.0693926340082,0.6432833659186309,1
4/17/2024 19:40:00,Inti-MINT-cy issues,Blue-Footed Boobies,4,2,8,0.6840638053598698,5091.371889949165,0.3797040830202781,1
4/17/2024 19:40:00,Purple Pounders,Glacial Gushers,1,5,8,0.6153196143683343,3118.376232676639,0.9553424566644432,0
4/17/2024 20:00:00,Bubblegum Bitches,Honey Nut Queerios,2,2,8,0.35875226403913507,-3766.4389766588174,0.6931471805599453,0.5
4/17/2024 20:00:00,Lemon Drop Thots,Blue is the Warmest Dodgeball,4,1,8,0.4135909786728786,-2321.3464489289436,0.8828777677451425,1
4/17/2024 20:20:00,Blue-Footed Boobies,Red Dyke District,5,3,8,0.4160946614464058,-2250.6844413631843,0.8768424930529417,1
4/17/2024 20:20:00,Let's Have a Kiwi,Glacial Gushers,0,6,8,0.36233856300930395,-3745.7401223249653,0.44994779951278896,0
4/17/2024 20:40:00,Blue is the Warmest Dodgeball,Purple Pounders,2,3,8,0.4641986038644029,-955.1573768468006,0.6239917161721548,0
4/17/2024 20:40:00,Lemon Drop Thots,Inti-MINT-cy issues,0,6,8,0.36981295758766,-3532.736522731846,0.46173861094248037,0
4/24/2024 19:20:00,Glacial Gushers,Bubblegum Bitches,3,4,8,0.6502617097463925,4103.268275786802,1.0505701463298132,0
4/24/2024 19:20:00,Red Dyke District,Lemon Drop Thots,3,2,8,0.45952659085735387,-1079.654018445106,0.7775584697478993,1
4/24/2024 19:40:00,Honey Nut Queerios,Blue-Footed Boobies,5,2,8,0.5766256123562644,2008.9171137208323,0.5505620751385089,1
4/24/2024 19:40:00,Inti-MINT-cy issues,Purple Pounders,6,1,8,0.5897893345634122,2412.217552912338,0.5279898659055072,1
4/24/2024 20:00:00,Blue is the Warmest Dodgeball,Red Dyke District,3,3,8,0.4957608758162732,-112.90107306897698,0.6931471805599453,0.5
4/24/2024 20:00:00,Bubblegum Bitches,Let's Have a Kiwi,3,3,8,0.592153739530425,2477.104005633393,0.6931471805599453,0.5
4/24/2024 20:20:00,Blue-Footed Boobies,Glacial Gushers,2,3,8,0.40563196861910095,-2534.808579225508,0.5202565700315083,0
4/24/2024 20:20:00,Lemon Drop Thots,Honey Nut Queerios,1,5,8,0.3930486918874371,-2821.511187647455,0.49930670841770775,0
4/24/2024 20:40:00,Inti-MINT-cy issues,Blue is the Warmest Dodgeball,5,0,8,0.7173036510858845,6107.337589134435,0.33225602582243424,1
4/24/2024 20:40:00,Purple Pounders,Let's Have a Kiwi,1,5,8,0.6861699920165616,5151.884858591483,1.1589038155196225,0
5/1/2024 19:20:00,Inti-MINT-cy issues,Honey Nut Queerios,4,1,8,0.6534604343915331,4103.86270868087,0.4254732919105895,1
5/1/2024 19:20:00,Let's Have a Kiwi,Blue-Footed Boobies,3,2,8,0.5303264564482186,807.3521445030838,0.6342625064960583,1
5/1/2024 19:40:00,Blue is the Warmest Dodgeball,Glacial Gushers,2,6,8,0.4174793500855644,-2212.6993436199155,0.5403906436737504,0
5/1/2024 19:40:00,Purple Pounders,Bubblegum Bitches,3,2,8,0.5649729644166719,1736.6704597606476,0.5709773995705334,1
5/1/2024 20:00:00,Lemon Drop Thots,Let's Have a Kiwi,1,4,8,0.4672355188172808,-872.740003227038,0.629675826424979,0
5/1/2024 20:00:00,Red Dyke District,Inti-MINT-cy issues,2,3,8,0.241727014679914,-7440.462318702357,0.2767118192295248,0
5/1/2024 20:20:00,Blue-Footed Boobies,Bubblegum Bitches,6,1,8,0.4391087280269883,-1625.0159109376455,0.8230082245293694,1
5/1/2024 20:20:00,Honey Nut Queerios,Blue is the Warmest Dodgeball,4,0,8,0.6308204091783804,3471.204436464426,0.46073406998040684,1
5/1/2024 20:40:00,Glacial Gushers,Lemon Drop Thots,4,1,8,0.6856137815709096,5131.005009810127,0.37744081042611005,1
5/1/2024 20:40:00,Red Dyke District,Purple Pounders,2,6,8,0.4236422052074701,-2043.6278853569293,0.5510266396186057,0
5/8/2024 19:20:00,Honey Nut Queerios,Red Dyke District,7,0,8,0.6515685670822738,4046.5361546976,0.42837264300916733,1
5/8/2024 19:20:00,Purple Pounders,Blue-Footed Boobies,4,2,8,0.6792372078982967,4934.461216052203,0.38678486353863123,1
5/8/2024 19:40:00,Blue is the Warmest Dodgeball,Bubblegum Bitches,1,4,8,0.5271541689092313,722.7474177126587,0.7489858821170188,0
5/8/2024 19:40:00,Let's Have a Kiwi,Inti-MINT-cy issues,2,3,8,0.22298100101372648,-8089.516860889684,0.2522904771936424,0
5/8/2024 20:00:00,Glacial Gushers,Red Dyke District,6,0,8,0.6894412220147067,5244.136304567881,0.3718738326418433,1
5/8/2024 20:00:00,Lemon Drop Thots,Blue-Footed Boobies,4,3,8,0.4927193262822351,-193.39749405647126,0.7078155849483434,1
5/8/2024 20:20:00,Honey Nut Queerios,Purple Pounders,3,2,8,0.5104997143480052,273.27109649736485,0.6723652009309422,1
5/8/2024 20:20:00,Let's Have a Kiwi,Blue is the Warmest Dodgeball,2,4,8,0.604905408736764,2822.368180871892,0.9286300711972545,0
5/8/2024 20:40:00,Bubblegum Bitches,Lemon Drop Thots,2,3,8,0.5150334929267946,399.65738162387424,0.7236754480102581,0
5/8/2024 20:40:00,Glacial Gushers,Inti-MINT-cy issues,2,3,8,0.3235411537353404,-4858.049522434936,0.39088366653337886,0
5/15/2024 19:50:00,Honey Nut Queerios,Glacial Gushers,2,4,8,0.5455532129314815,1188.0977366658553,0.7886744523762952,0
5/15/2024 19:50:00,Red Dyke District,Let's Have a Kiwi,2,3,8,0.4573559879590244,-1135.596894925813,0.6113017688124242,0
5/15/2024 20:10:00,Inti-MINT-cy issues,Bubblegum Bitches,5,2,8,0.8789154907810356,12403.302185799419,0.129066528375102,1
5/15/2024 20:10:00,Purple Pounders,Lemon Drop Thots,4,3,8,0.631656959425004,3563.274349823241,0.4594088179167051,1
5/15/2024 20:30:00,Blue-Footed Boobies,Blue is the Warmest Dodgeball,7,2,8,0.42566239315022386,-1985.469666540028,0.8541087512525433,1
5/15/2024 20:30:00,Let's Have a Kiwi,Honey Nut Queerios,2,4,8,0.347257204082783,-4075.5021948261183,0.42657210797515055,0
5/15/2024 20:50:00,Bubblegum Bitches,Red Dyke District,2,4,8,0.5125349045741792,333.06200695918506,0.7185365902340963,0
5/15/2024 20:50:00,Glacial Gushers,Purple Pounders,3,3,8,0.5476334046586362,1268.4609823703759,0.6931471805599453,0.5
5/15/2024 21:10:00,Blue is the Warmest Dodgeball,Lemon Drop Thots,1,4,8,0.45872446830341707,-1098.1820121491228,0.6138268290522,0
5/15/2024 21:10:00,Blue-Footed Boobies,Inti-MINT-cy issues,3,4,8,0.11231385141610387,-12863.218375111344,0.11913703474268565,0
7/10/2024 19:20:00,bratz,Royal Pain in the Ice,1,3,8,0.5226478276556128,1604.8258326720943,0.7395007537065369,0
7/10/2024 19:20:00,Idina Mintzels,S*xual Tealing,3,3,8,0.6342815514225195,2650.164257636564,0.6931471805599453,0.5
7/10/2024 19:40:00,GAYtors,Big Eggplant Energy,1,2,8,0.5790469565902113,1121.024533554315,0.8652339873640728,0
7/10/2024 19:40:00,the dodgefathers,C*Mquats,2,2,8,0.4062982435201749,-3522.2720461145936,0.6931471805599453,0.5
7/10/2024 20:00:00,Ice To Go,Midnight Snack,0,6,8,0.5450543160206469,1201.9183048035602,0.7875772430266065,0
7/10/2024 20:00:00,Red For Filth,Idina Mintzels,5,0,8,0.49099611173750174,-3240.0728212444737,0.711319070287197,1
7/10/2024 20:20:00,Big Eggplant Energy,Royal Pain in the Ice,2,2,8,0.46046562710795913,-1055.372132874214,0.6931471805599453,0.5
7/10/2024 20:20:00,S*xual Tealing,Citrus on My Face,2,3,8,0.3947711438433936,2162.2598264288936,0.5021486178400905,0
7/10/2024 20:40:00,C*Mquats,bratz,3,1,8,0.6173785563892025,3177.573593818952,0.4822728996371056,1
7/10/2024 20:40:00,Midnight Snack,GAYtors,4,0,8,0.608657010089666,2930.6315989635605,0.4965003717531691,1
7/17/2024 19:20:00,Citrus on My Face,Red For Filth,0,5,8,0.4926789916666315,-195.16011155758133,0.6786113232161525,0
7/17/2024 19:20:00,Idina Mintzels,C*Mquats,0,4,8,0.4368937538803684,-1688.8529699024348,0.5742869544022786,0
7/17/2024 19:40:00,GAYtors,Ice To Go,2,2,8,0.3945839453995431,-2840.5127621349857,0.6931471805599453,0.5
7/17/2024 19:40:00,Royal Pain in the Ice,the dodgefathers,3,2,8,0.5146594958539223,390.8060991894472,0.6642497700889061,1
7/17/2024 20:00:00,Big Eggplant Energy,bratz,1,3,8,0.5511141446344354,1365.8422498377313,0.8009866432349848,0
7/17/2024 20:00:00,Midnight Snack,S*xual Tealing,4,1,8,0.6691320660039575,4644.421703526306,0.4017738302586548,1
7/17/2024 20:10:00,bratz,the dodgefathers,3,2,8,0.5078505444807182,209.2482130287135,0.6775680784681907,1
7/17/2024 20:20:00,C*Mquats,Citrus on My Face,2,2,8,0.5738578153489999,1979.3449646613408,0.6931471805599453,0.5
7/17/2024 20:20:00,Royal Pain in the Ice,Idina Mintzels,3,2,8,0.5377150437869962,1006.3485090414015,0.6204265175273892,1
7/17/2024 20:40:00,Red For Filth,Midnight Snack,2,2,8,0.5125029080308812,332.8133726054075,0.6931471805599453,0.5
7/17/2024 20:40:00,S*xual Tealing,GAYtors,2,2,8,0.462353874264034,-1003.6646883317062,0.6931471805599453,0.5
7/17/2024 20:50:00,Big Eggplant Energy,Ice To Go,0,5,8,0.40199019952580456,-2634.0018132224286,0.5141481364129644,0
7/24/2024 19:30:00,Ice To Go,S*xual Tealing,1,3,8,0.6530232450665452,4174.272970102105,1.058497489943514,0
7/24/2024 19:30:00,Idina Mintzels,bratz,3,1,8,0.469994973957756,-800.1651952355405,0.755033278042113,1
7/24/2024 19:50:00,Big Eggplant Energy,the dodgefathers,2,3,8,0.48324126873852086,-446.11493504710234,0.6601791840724777,0
7/24/2024 19:50:00,GAYtors,Red For Filth,0,3,8,0.3031148819558932,-5474.639005167932,0.36113470527262426,0
7/24/2024 20:10:00,bratz,Citrus on My Face,0,4,8,0.393923980058657,-2860.154931017818,0.500749855332684,0
7/24/2024 20:10:00,Royal Pain in the Ice,Midnight Snack,0,4,8,0.44594046626806827,-1442.769237613902,0.5904831363984534,0
7/24/2024 20:30:00,C*Mquats,GAYtors,2,3,8,0.7085698340021205,5832.099217405816,1.2329548696528059,0
7/24/2024 20:30:00,Red For Filth,Ice To Go,2,2,8,0.649489732369448,4073.6695353325576,0.6931471805599453,0.5
7/24/2024 20:50:00,Big Eggplant Energy,S*xual Tealing,4,0,8,0.4135482770465985,-2316.6473809237505,0.8829810191046269,1
7/24/2024 20:50:00,the dodgefathers,Idina Mintzels,5,0,8,0.445065984009176,-1466.854230639694,0.8095327291357869,1
7/24/2024 21:10:00,Citrus on My Face,Royal Pain in the Ice,1,2,8,0.5547705489359912,1462.9653819328614,0.8091655093338426,0
7/24/2024 21:10:00,Midnight Snack,C*Mquats,2,2,8,0.5856395043777474,2294.9788190908857,0.6931471805599453,0.5
7/31/2024 19:30:00,Idina Mintzels,Citrus on My Face,1,3,8,0.41092198820778664,-2390.6075645522797,0.5291966562364554,0
7/31/2024 19:30:00,Royal Pain in the Ice,Ice To Go,3,2,8,0.5573743437133458,1530.7816285025947,0.5845181934949862,1
7/31/2024 19:50:00,bratz,GAYtors,2,2,8,0.4663939665195427,-895.542594926801,0.6931471805599453,0.5
7/31/2024 19:50:00,S*xual Tealing,Red For Filth,0,4,8,0.26722921876005745,-6589.274372453492,0.3109223391792434,0
7/31/2024 20:10:00,Ice To Go,C*Mquats,2,3,8,0.40865940800226325,-2449.111128488681,0.5253631297753327,0
7/31/2024 20:10:00,Idina Mintzels,Big Eggplant Energy,4,1,8,0.5297566132958835,791.8651820971281,0.6353375981063019,1
7/31/2024 20:30:00,Citrus on My Face,the dodgefathers,0,4,8,0.5949730510069884,2551.2226838372426,0.9038016733658482,0
7/31/2024 20:30:00,Midnight Snack,bratz,4,1,8,0.7165724021585402,6074.524463148335,0.33327598705141787,1
7/31/2024 20:50:00,C*Mquats,S*xual Tealing,2,3,8,0.7189675156223291,6147.3483498726055,1.2692850135623641,0
7/31/2024 20:50:00,GAYtors,Royal Pain in the Ice,1,3,8,0.3455221762998068,-4216.759760167017,0.4239175770172291,0
7/31/2024 21:10:00,Big Eggplant Energy,Red For Filth,2,3,8,0.21900194275491194,-8224.020514988237,0.24718261666783936,0
7/31/2024 21:10:00,the dodgefathers,Midnight Snack,2,2,8,0.3566931551865119,-3893.511682539638,0.6931471805599453,0.5
8/7/2024 19:30:00,Citrus on My Face,Big Eggplant Energy,1,6,8,0.688219827461004,5203.8867959675235,1.1654569146979348,0
8/7/2024 19:30:00,Red For Filth,C*Mquats,2,2,8,0.6324946137304766,3589.4040720334706,0.6931471805599453,0.5
8/7/2024 19:50:00,bratz,S*xual Tealing,2,2,8,0.4693235491366778,-816.2709218939417,0.6931471805599453,0.5
8/7/2024 19:50:00,Midnight Snack,Idina Mintzels,2,3,8,0.6933362604817079,5354.503538247498,1.1820034427017627,0
8/7/2024 20:10:00,Royal Pain in the Ice,Red For Filth,0,2,8,0.45505695214978614,-1197.2951922583761,0.607073989136737,0
8/7/2024 20:10:00,the dodgefathers,Ice To Go,3,1,8,0.584440674587557,2259.9403098670227,0.5371000009328771,1
8/7/2024 20:30:00,Citrus on My Face,Midnight Snack,2,2,8,0.3752278396546636,-3369.0863312745314,0.6931471805599453,0.5
8/7/2024 20:30:00,Idina Mintzels,GAYtors,1,4,8,0.5881977488650256,2363.38827204719,0.8872120178298725,0
8/7/2024 20:50:00,Big Eggplant Energy,C*Mquats,1,5,8,0.32876830928169765,-4696.728374206865,0.39864090992838525,0
8/7/2024 20:50:00,bratz,Ice To Go,2,2,8,0.47710762742346663,-608.4948104567775,0.6931471805599453,0.5
8/7/2024 21:10:00,GAYtors,the dodgefathers,2,2,8,0.3952913501245211,-2814.705516217806,0.6931471805599453,0.5
8/7/2024 21:10:00,S*xual Tealing,Royal Pain in the Ice,2,3,8,0.32825405829590104,-4712.9032129547395,0.39787507288312735,0
8/14/2024 19:30:00,Ice To Go,Citrus on My Face,1,5,8,0.4228851077524912,-2060.0257566302535,0.5497139122827825,0
8/14/2024 19:30:00,Red For Filth,bratz,3,1,8,0.7852271073735293,8374.956575254493,0.2417822942853486,1
8/14/2024 19:50:00,C*Mquats,Royal Pain in the Ice,3,3,8,0.4639939559648525,-957.8471712058745,0.6931471805599453,0.5
8/14/2024 19:50:00,S*xual Tealing,the dodgefathers,3,2,8,0.3408201760833245,-4344.330599649142,1.0764002836569218,1
8/14/2024 20:10:00,Ice To Go,Idina Mintzels,3,2,8,0.42012047075030284,-2134.2457940100285,0.8672137737142827,1
8/14/2024 20:10:00,Midnight Snack,Big Eggplant Energy,3,2,8,0.7288474417119917,6447.717718008459,0.31629083950190157,1
8/14/2024 20:30:00,GAYtors,Citrus on My Face,5,1,8,0.4421429158867073,-1541.955083243054,0.8161221100570661,1
8/14/2024 20:30:00,the dodgefathers,Red For Filth,2,3,8,0.290712565076655,-5839.693725442181,0.3434944256873202,0
8/14/2024 20:50:00,bratz,C*Mquats,1,4,8,0.2944787976855402,-5725.700740258348,0.34881845525004684,0
8/14/2024 20:50:00,S*xual Tealing,Idina Mintzels,4,0,8,0.516709934531365,443.57697532298516,0.6602736169890538,1
8/14/2024 21:10:00,GAYtors,Midnight Snack,3,1,8,0.3841142692602851,-3118.1271532205974,0.9568151944627665,1
8/14/2024 21:10:00,Royal Pain in the Ice,Big Eggplant Energy,3,1,8,0.763837911472268,7611.335192325161,0.26939967008306903,1
8/21/2024 19:30:00,Ice To Go,GAYtors,1,3,8,0.37617725588236023,-3337.961109906013,0.47188901488054397,0
8/21/2024 19:30:00,Red For Filth,Citrus on My Face,3,1,8,0.7510037537204413,7177.326114342672,0.28634462893430035,1
8/21/2024 19:50:00,bratz,Big Eggplant Energy,1,3,8,0.5362313997328105,963.1024245202752,0.7683695574719509,0
8/21/2024 19:50:00,the dodgefathers,Royal Pain in the Ice,0,6,8,0.34740944482851366,-4154.96732094797,0.42680536754259196,0
8/21/2024 20:10:00,C*Mquats,Idina Mintzels,3,2,8,0.7164073296070971,6058.487695388563,0.3335063776822329,1
8/21/2024 20:10:00,Midnight Snack,Ice To Go,1,4,8,0.680029132889636,4943.940238576046,1.139525327612895,0
8/21/2024 20:30:00,Big Eggplant Energy,GAYtors,2,3,8,0.2847572309109304,-6016.947873662749,0.33513325673032573,0
8/21/2024 20:30:00,Citrus on My Face,S*xual Tealing,3,1,8,0.48878909424157335,-297.43443494925486,0.7158241826633955,1
8/21/2024 20:50:00,Idina Mintzels,Red For Filth,1,4,8,0.14972194426693153,-10985.191454241078,0.16219185859944782,0
8/21/2024 20:50:00,Royal Pain in the Ice,bratz,4,0,8,0.8159009283044288,9531.863339068328,0.203462342780621,1
8/21/2024 21:10:00,C*Mquats,the dodgefathers,3,1,8,0.6743602108997508,4783.593490273346,0.3939908732939858,1
8/21/2024 21:10:00,S*xual Tealing,Midnight Snack,1,2,8,0.4035491704811563,-2580.57336961249,0.5167584724950793,0
10/9/2024 18:40:00,Clementops,Froggays,3,2,8,0.3930638932018128,-1880.8421731413682,0.9337831022056053,1
10/9/2024 18:40:00,Violetly Gay,Wet Dreams,2,2,8,0.5803930620796118,1155.4028739230298,0.6931471805599453,0.5
10/9/2024 19:00:00,Cardinal Sinners,Winona Ride Her,3,3,8,0.5510853619018057,2362.8614025172474,0.6931471805599453,0.5
10/9/2024 19:00:00,The Blue Ballers,Urine Trouble,4,1,8,0.413096237086079,-1332.2137191619668,0.8840746935870658,1
10/9/2024 19:20:00,Naughty Hotties,Twerkoise,2,1,8,0.40333265665859164,-1594.8325132535474,0.9079936067668385,1
10/9/2024 19:20:00,Queermint,Lime and Punishment,6,0,8,0.5080225491763923,213.29143666906293,0.677229444246275,1
10/9/2024 19:40:00,Urine Trouble,Froggays,0,4,8,0.4803390987133567,-523.977896809176,0.6545787930350717,0
10/9/2024 19:40:00,Winona Ride Her,Violetly Gay,1,3,8,0.482130407976648,-475.91302069042285,0.6580318212683943,0
10/9/2024 20:00:00,Clementops,Wet Dreams,3,2,8,0.5204496915345891,543.7374950504072,0.653062049710644,1
10/9/2024 20:00:00,The Blue Ballers,Lime and Punishment,4,1,8,0.530852847587917,820.2883192165937,0.6332704193325212,1
10/9/2024 20:20:00,Queermint,Naughty Hotties,2,2,8,0.5331823089642258,883.058377247773,0.6931471805599453,0.5
10/9/2024 20:20:00,Twerkoise,Cardinal Sinners,3,2,8,0.4536383723098197,-1234.9334754856372,0.7904549351072683,1
10/9/2024 20:40:00,Cuntolina Panthers,Washington Formanders,2,1,6,0.3968128999326018,-2255.0521429670043,0.9242903941890641,1
10/9/2024 20:40:00,Mean Gay Packers,Vikinks,3,1,6,0.5733532365527321,1601.1423735684693,0.5562532835277408,1
10/9/2024 21:00:00,Cuntolina Panthers,Vikinks,3,1,6,0.6221215585848664,2682.571486777266,0.4746197735287989,1
10/9/2024 21:00:00,Edgar Allen Hoes,Gay Sharks,3,2,6,0.5899923531713573,2902.6130536134106,0.5276457028928758,1
10/9/2024 21:20:00,Mean Gay Packers,Gay Sharks,4,1,6,0.6668643383488303,3614.8084593774965,0.40516864453458723,1
10/9/2024 21:20:00,Washington Formanders,Edgar Allen Hoes,0,4,6,0.5268195768775882,580.0332886393699,0.7482785189881321,0
10/16/2024 18:40:00,Lime and Punishment,Urine Trouble,1,4,8,0.4750897199489791,-662.3364824157343,0.6445279261356643,0
10/16/2024 18:40:00,Naughty Hotties,The Blue Ballers,3,1,8,0.4653016603427553,-922.4392514742212,0.7650693518104662,1
10/16/2024 19:00:00,Cardinal Sinners,Queermint,3,2,8,0.5014176683051728,37.67603558949304,0.6903158559346838,1
10/16/2024 19:00:00,Violetly Gay,Twerkoise,2,3,8,0.518280770517469,486.31663591982397,0.7303938461042755,0
10/16/2024 19:20:00,Froggays,Lime and Punishment,4,1,8,0.6457387224812258,3962.371515580033,0.43736031137668957,1
10/16/2024 19:20:00,Wet Dreams,Winona Ride Her,2,2,8,0.46209003782545244,-1009.1843462754896,0.6931471805599453,0.5
10/16/2024 19:40:00,Clementops,Urine Trouble,3,1,8,0.5485020474593607,1292.2630329195272,0.6005642664399801,1
10/16/2024 19:40:00,The Blue Ballers,Cardinal Sinners,1,3,8,0.418314586768693,-2184.3170963833873,0.5418255044821064,0
10/16/2024 20:00:00,Froggays,Naughty Hotties,1,4,8,0.5345869037501515,920.0878621954853,0.7648298887379482,0
10/16/2024 20:00:00,Queermint,Violetly Gay,3,3,8,0.45510915690772685,-1196.410656844615,0.6931471805599453,0.5
10/16/2024 20:20:00,Twerkoise,Wet Dreams,3,1,8,0.6432971898312609,3891.1786618845617,0.44114846893900017,1
10/16/2024 20:20:00,Winona Ride Her,Clementops,4,0,8,0.4212823544187824,-2104.3723015660253,0.8644519945230588,1
10/16/2024 20:40:00,Vikinks,Gay Sharks,2,2,6,0.5171122045465347,358.961115744929,0.6931471805599453,0.5
10/16/2024 20:40:00,Washington Formanders,Mean Gay Packers,1,3,6,0.45307228859107535,-1018.1339584963753,0.6034386399388265,0
10/16/2024 21:00:00,Cuntolina Panthers,Edgar Allen Hoes,1,4,6,0.5072008799103987,155.2196449568164,0.707653652296886,0
10/16/2024 21:00:00,Washington Formanders,Vikinks,0,4,6,0.610675287692547,2423.627001316341,0.9433415475531607,0
10/16/2024 21:20:00,Gay Sharks,Cuntolina Panthers,3,1,6,0.32845462357238825,-3703.7230697633504,1.113356582798334,1
10/16/2024 21:20:00,Mean Gay Packers,Edgar Allen Hoes,3,1,6,0.5066608216980509,143.98898184565041,0.6799134899987341,1
10/23/2024 18:40:00,Cardinal Sinners,Froggays,2,2,8,0.5788096938412308,2107.325065354189,0.6931471805599453,0.5
10/23/2024 18:40:00,Wet Dreams,Queermint,3,4,8,0.4334351617419516,-1775.399811583271,0.5681637509450934,0
10/23/2024 19:00:00,Naughty Hotties,Urine Trouble,3,1,8,0.606418907904513,2859.8407884839526,0.5001842645587584,1
10/23/2024 19:00:00,Violetly Gay,The Blue Ballers,1,5,8,0.5918112695010656,2460.735733781479,0.896025636780404,0
10/23/2024 19:20:00,Queermint,Winona Ride Her,3,5,8,0.5218585740871495,580.8498584879508,0.737848720141045,0
10/23/2024 19:20:00,Twerkoise,Clementops,4,0,8,0.6062571497418031,2853.5077337113053,0.5004510434114443,1
10/23/2024 19:40:00,Froggays,Violetly Gay,3,2,8,0.5198704151656584,528.3305457125625,0.6541757000670466,1
10/23/2024 19:40:00,Lime and Punishment,Naughty Hotties,2,1,8,0.2743960221683047,-6338.739260200115,1.2931828797066744,1
10/23/2024 20:00:00,The Blue Ballers,Wet Dreams,1,3,8,0.6041541689049601,2794.8088400907636,0.926730458947144,0
10/23/2024 20:00:00,Urine Trouble,Cardinal Sinners,3,1,8,0.3364788142229226,-4471.002335008639,1.0892200910980243,1
10/23/2024 20:20:00,Clementops,Lime and Punishment,1,3,8,0.5835663249862557,2230.87058561517,0.8760280737203378,0
10/23/2024 20:20:00,Winona Ride Her,Twerkoise,5,0,8,0.38524100258765664,-3089.627115404779,0.9538861597914151,1
10/23/2024 20:40:00,Gay Sharks,Washington Formanders,2,2,6,0.4395803382781508,-1268.498672888837,0.6931471805599453,0.5
10/23/2024 20:40:00,Vikinks,Cuntolina Panthers,0,3,6,0.42342835381374117,-1660.9346129616551,0.5506556691349308,0
10/23/2024 21:00:00,Edgar Allen Hoes,Washington Formanders,2,3,6,0.5973199410035834,2118.0992873625237,0.909612930611497,0
10/23/2024 21:00:00,Gay Sharks,Mean Gay Packers,3,3,6,0.2808166280544615,-4850.505643557605,0.6931471805599453,0.5
10/23/2024 21:20:00,Edgar Allen Hoes,Vikinks,3,3,6,0.6174270357272127,2569.6074123758717,0.6931471805599453,0.5
10/23/2024 21:20:00,Mean Gay Packers,Cuntolina Panthers,2,2,6,0.5795873569294083,1727.8150930805168,0.6931471805599453,0.5
11/13/2024 18:40:00,Lime and Punishment,Winona Ride Her,0,6,8,0.35537794429216196,-3921.234941059205,0.43909109407098834,0
11/13/2024 18:40:00,Urine Trouble,Twerkoise,1,4,8,0.3617562012190979,-3746.0868359973756,0.4490349388796955,0
11/13/2024 19:00:00,Froggays,Queermint,2,4,8,0.5734300312367507,1960.824789467706,0.8519788721334721,0
11/13/2024 19:00:00,Naughty Hotties,Wet Dreams,2,1,8,0.6079738891551676,2895.937036938656,0.49762334340662745,1
11/13/2024 19:20:00,Cardinal Sinners,Violetly Gay,3,1,8,0.5874393228176745,2338.81415503517,0.5319823186079428,1
11/13/2024 19:20:00,Clementops,The Blue Ballers,2,2,8,0.49776823167360684,-59.14665564930692,0.6931471805599453,0.5
11/13/2024 19:40:00,Urine Trouble,Winona Ride Her,0,4,8,0.32384959971017674,-4838.079724286103,0.3913397420495983,0
11/13/2024 19:40:00,Wet Dreams,Lime and Punishment,4,1,8,0.4877214619225926,-325.10943292632146,0.718010810831692,1
11/13/2024 20:00:00,Twerkoise,Froggays,2,3,8,0.6173396334890959,3159.7946067222983,0.9606074547279445,0
11/13/2024 20:00:00,Violetly Gay,Naughty Hotties,3,1,8,0.3586233828774459,-3830.2932924842935,1.0254825139206225,1
11/13/2024 20:20:00,Cardinal Sinners,Clementops,3,0,8,0.6284597933636005,3463.8138164420543,0.4644832253711052,1
11/13/2024 20:20:00,Queermint,The Blue Ballers,3,2,8,0.5735265901510382,1960.739882512813,0.5559509787952135,1
11/13/2024 20:40:00,Mean Gay Packers,Washington Formanders,1,2,6,0.6072190434757789,2341.4233373143798,0.934503185030901,0
11/13/2024 20:40:00,Vikinks,Edgar Allen Hoes,3,1,6,0.3907926467291886,-2382.159866852746,0.9395781749342658,1
11/13/2024 21:00:00,Cuntolina Panthers,Mean Gay Packers,2,2,6,0.4746018094617709,-547.2984894764668,0.6931471805599453,0.5
11/13/2024 21:00:00,Washington Formanders,Gay Sharks,0,5,6,0.6337627408979164,2846.5916289068055,1.0044739066905408,0
11/13/2024 21:20:00,Edgar Allen Hoes,Cuntolina Panthers,2,3,6,0.41735841471869894,-1787.6106823640603,0.5401830582171561,0
11/13/2024 21:20:00,Gay Sharks,Vikinks,1,3,6,0.51714246059428,358.17055209621503,0.7280336183062734,0
11/20/2024 18:40:00,Violetly Gay,Clementops,3,2,8,0.552486665712736,1394.7656777509455,0.5933259803380563,1
11/20/2024 18:40:00,Wet Dreams,Cardinal Sinners,2,5,8,0.33865972473126155,-4394.441320098553,0.41348678298238767,0
11/20/2024 19:00:00,The Blue Ballers,Froggays,2,3,8,0.34999433271839375,-4075.110672040815,0.4307741972356848,0
11/20/2024 19:00:00,Winona Ride Her,Naughty Hotties,1,3,8,0.6139680035248696,3061.0136789504704,0.9518350205300755,0
11/20/2024 19:20:00,Lime and Punishment,Twerkoise,2,3,8,0.3130612585444392,-5146.274457999398,0.3755101589224635,0
11/20/2024 19:20:00,Queermint,Urine Trouble,3,2,8,0.6328032980069255,3590.437604580802,0.45759565077406067,1
11/20/2024 19:40:00,Froggays,Clementops,3,2,8,0.6948982306669598,5387.4501338922,0.36398987483438777,1
11/20/2024 19:40:00,Wet Dreams,Violetly Gay,3,1,8,0.4118962441219616,-2352.6091191166797,0.8869837960037155,1
11/20/2024 20:00:00,Twerkoise,Naughty Hotties,1,3,8,0.5338685373150667,897.7385301639952,0.7632875758757354,0
11/20/2024 20:00:00,Winona Ride Her,Cardinal Sinners,3,0,8,0.4766139533726114,-619.8288014688169,0.7410484378417093,1
11/20/2024 20:20:00,Lime and Punishment,Queermint,0,7,8,0.2998712674494642,-5542.78044811592,0.3564910572033118,0
11/20/2024 20:20:00,Urine Trouble,The Blue Ballers,2,2,8,0.5042352258050999,112.23780376305695,0.6931471805599453,0.5
11/20/2024 20:40:00,Gay Sharks,Mean Gay Packers,2,2,6,0.3403781339765837,-3427.9930036688975,0.6931471805599453,0.5
11/20/2024 20:40:00,Washington Formanders,Edgar Allen Hoes,3,2,6,0.5827798375784222,1791.564223800171,0.5399458010412403,1
11/20/2024 21:00:00,Edgar Allen Hoes,Gay Sharks,0,3,6,0.48474486536835165,-317.7059518030828,0.6630930939402162,0
11/20/2024 21:00:00,Vikinks,Cuntolina Panthers,3,1,6,0.40903633305354614,-1972.1189747786502,0.8939512930130791,1
11/20/2024 21:20:00,Cuntolina Panthers,Washington Formanders,4,1,6,0.4841654593333016,-339.927147825465,0.7253285725590247,1
11/20/2024 21:20:00,Vikinks,Mean Gay Packers,3,1,6,0.45663702966305947,-935.9939962434801,0.783866449482123,1
12/4/2024 18:40:00,Cardinal Sinners,Clementops,0,1,8,0.7200987836422743,6153.916632314789,1.2733185367834061,0
12/4/2024 18:40:00,Wet Dreams,Urine Trouble,1,0,8,0.5543270620889257,1442.2389410156175,0.5900004016501301,1
12/4/2024 19:00:00,Twerkoise,Lime and Punishment,1,0,8,0.7071586199123833,5753.648764469461,0.3465002819379618,1
12/4/2024 19:00:00,Violetly Gay,The Blue Ballers,1,0,8,0.5886494016844879,2367.051299397088,0.5299245158782424,1
12/4/2024 19:20:00,Froggays,Clementops,0,1,8,0.6985360560400837,5493.400283328108,1.1991048588222135,0
12/4/2024 19:20:00,Naughty Hotties,Wet Dreams,1,0,8,0.6420112290101998,3836.048690133239,0.44314948477504273,1
12/4/2024 19:40:00,Queermint,Twerkoise,1,0,8,0.5022481758864745,59.54553353474694,0.6886609071772635,1
12/4/2024 19:40:00,Winona Ride Her,Violetly Gay,0,1,8,0.6518567244054216,4124.950299305512,1.0551411724589048,0
12/4/2024 20:00:00,Naughty Hotties,Clementops,1,0,8,0.687219664383059,5144.771663498861,0.3751012934958603,1
12/4/2024 20:00:00,Violetly Gay,Queermint,0,1,8,0.4045965074310038,-2551.2578698835587,0.5185159644972823,0
12/4/2024 20:20:00,Queermint,Naughty Hotties,1,0,8,0.4875791930987276,-328.5932003583148,0.718302554355377,1
12/4/2024 20:40:00,Cuntolina Panthers,Washington Formanders,1,0,6,0.5450945336875701,969.0786271154811,0.6067960430532309,1
12/4/2024 20:40:00,Mean Gay Packers,Edgar Allen Hoes,1,0,6,0.6359280359336972,2979.773383255678,0.4526698730917236,1
12/4/2024 21:00:00,Gay Sharks,Mean Gay Packers,0,1,6,0.4046932189298495,-2006.2715452571301,0.5186784078744824,0
12/4/2024 21:00:00,Vikinks,Cuntolina Panthers,0,1,6,0.4608906819121389,-840.5301951954862,0.6178369121480853,0
12/4/2024 21:20:00,Cuntolina Panthers,Mean Gay Packers,1,0,6,0.5384178762103695,825.5724041036665,0.6191202987318402,1
2/2/2025 16:15:00,2 Girls 1 Train,Sixual Tension,3,3,6,0.5362066293352,874.6732283335296,0.6931471805599453,0.5
2/2/2025 16:15:00,Big D (train) Energy,Reese's Pieces,3,0,6,0.6870974810681105,706.829480744007,0.37527910298572204,1
2/2/2025 16:35:00,QTs,Sixual Tension,2,4,6,0.6014264018888438,469.1179813209146,0.9198631099472144,0
2/2/2025 16:35:00,Reese's Pieces,PATH to Poundtown,0,5,8,0.38276932313381207,-1794.5866605504534,0.4825124564454276,0
2/2/2025 16:55:00,2 Girls 1 Train,Big D (train) Energy,2,5,6,0.4573416399504589,-1034.377672741828,0.61127532823893,0
2/2/2025 16:55:00,QTs,PATH to Poundtown,5,2,8,0.5947134727797203,2243.5193179420276,0.51967554777638,1
2/5/2025 19:00:00,My Chemical Throwmance,Dyke Dynasty,3,0,8,0.32837608711295324,-3708.483900025085,1.1135957203981195,1
2/5/2025 19:00:00,Purple Pain,Red Light District,3,1,8,0.5263813727666466,2702.1238444746396,0.6417292856787301,1
2/5/2025 19:20:00,Charcoochie,Macaroni in a Pot,4,0,8,0.49985373061246346,-3.881031523431375,0.6934397621328328,1
2/5/2025 19:20:00,Ice Dykes,Mary Wannas,3,2,8,0.6004354282318021,2693.9945474911037,0.5101001732491898,1
2/5/2025 19:40:00,Call Me Navy,Buns of Teal,1,3,8,0.42797671399243076,-2922.9156984459096,0.5585755786275179,0
2/5/2025 19:40:00,It's the cLIME,Pulp Friction,1,5,8,0.5157173743212637,417.81294097686714,0.7250866053378187,0
2/5/2025 20:00:00,Dyke Dynasty,Purple Pain,1,2,8,0.5034034645357195,90.42647469338772,0.6999773824441254,0
2/5/2025 20:00:00,Red Light District,Mary Wannas,3,2,8,0.5463045168492904,1232.708445776354,0.6045787355397958,1
2/5/2025 20:20:00,Ice Dykes,Buns of Teal,2,2,8,0.46116237427828205,-1031.3579945205402,0.6931471805599453,0.5
2/5/2025 20:20:00,My Chemical Throwmance,Charcoochie,3,1,8,0.4268571488307192,-1953.780169796375,0.8513058677904205,1
2/5/2025 20:40:00,Macaroni in a Pot,It's the cLIME,0,6,8,0.5321677934805775,854.743530043932,0.7596455804309983,0
2/5/2025 20:40:00,Pulp Friction,Call Me Navy,5,1,8,0.5288133813321546,765.373970825889,0.637119685673765,1
2/9/2025 16:15:00,Reese's Pieces,QTs,1,9,8,0.2251446613452843,-7255.017215898054,0.25507892685226563,0
2/9/2025 16:15:00,Sixual Tension,Big D (train) Energy,3,2,6,0.44977448746993354,-1215.364185887427,0.7990089607855692,1
2/9/2025 16:35:00,PATH to Poundtown,2 Girls 1 Train,5,0,6,0.4635569214962689,-857.0741675562149,0.768826093541819,1
2/9/2025 16:35:00,Sixual Tension,Reese's Pieces,8,0,6,0.7763819988213796,7298.070422573094,0.25311061339993807,1
2/9/2025 16:55:00,2 Girls 1 Train,QTs,4,3,6,0.34044675353945375,-3953.2044048678945,1.077496542891097,1
2/9/2025 16:55:00,PATH to Poundtown,Big D (train) Energy,5,1,6,0.4305761031137159,-1640.9137487377702,0.8426311923087438,1
2/12/2025 19:00:00,Ice Dykes,Red Light District,5,1,8,0.5904348071741691,2419.495572545293,0.526896052192865,1
2/12/2025 19:00:00,My Chemical Throwmance,Call Me Navy,1,2,8,0.5950962614175317,2548.632887385904,0.9041059226389868,0
2/12/2025 19:20:00,Macaroni in a Pot,Buns of Teal,2,3,8,0.3219041235692907,-4884.736454701513,0.38846659037452413,0
2/12/2025 19:20:00,Mary Wannas,Dyke Dynasty,1,3,8,0.3717493043955093,-3463.7303617879534,0.4648159953493538,0
2/12/2025 19:40:00,Charcoochie,Purple Pain,1,2,8,0.4252517992653557,-1997.8167308176871,0.5538232458619815,0
2/12/2025 19:40:00,Pulp Friction,Ice Dykes,2,2,8,0.4124100880390355,-2339.331966603928,0.6931471805599453,0.5
2/12/2025 20:00:00,Dyke Dynasty,Red Light District,0,5,8,0.576601675066019,2045.2446236664855,0.8594418765150342,0
2/12/2025 20:00:00,It's the cLIME,My Chemical Throwmance,0,4,8,0.4742910373054012,-683.3487464941663,0.6430075222349222,0
2/12/2025 20:20:00,Call Me Navy,Macaroni in a Pot,2,1,8,0.5721887021167886,1923.068820020535,0.5582864432014105,1
2/12/2025 20:20:00,Mary Wannas,Charcoochie,0,3,8,0.3774983767234576,-3303.76008438016,0.4740090429735139,0
2/12/2025 20:40:00,Buns of Teal,Pulp Friction,4,1,8,0.603132093914885,2763.67836704386,0.5056190450266421,1
2/12/2025 20:40:00,Purple Pain,It's the cLIME,3,1,8,0.6825724250277272,5035.6604659670775,0.3818866402963169,1
2/16/2025 16:15:00,PATH to Poundtown,Sixual Tension,3,4,6,0.4023340349368967,-2309.378425091314,0.5147232679502591,0
2/16/2025 16:15:00,QTs,Big D (train) Energy,9,1,6,0.5719982248309305,1745.934885191211,0.5586193910495839,1
2/16/2025 16:35:00,QTs,Sixual Tension,3,1,6,0.4605735290887264,-948.5299283033655,0.7752827637448162,1
2/16/2025 16:35:00,Reese's Pieces,2 Girls 1 Train,0,6,6,0.278661838469268,-5643.182032779518,0.32664723427180425,0
2/16/2025 16:55:00,Big D (train) Energy,2 Girls 1 Train,0,10,6,0.45075355413292206,-1192.1975574752541,0.5992080386221444,0
2/16/2025 16:55:00,PATH to Poundtown,Reese's Pieces,5,2,8,0.7423854192265344,6084.338770002911,0.29788673775348,1
2/19/2025 19:00:00,My Chemical Throwmance,Pulp Friction,5,0,8,0.5000810491391539,2.1478714320492145,0.6929850954181439,1
2/19/2025 19:00:00,Purple Pain,Buns of Teal,2,2,8,0.47126534591475244,-762.7688866840472,0.6931471805599453,0.5
2/19/2025 19:20:00,Ice Dykes,Dyke Dynasty,4,0,8,0.6113676760332694,2989.0392760379636,0.4920567396942367,1
2/19/2025 19:20:00,Mary Wannas,Call Me Navy,4,1,8,0.32003416459729966,-4947.547394826227,1.1393275245207128,1
2/19/2025 19:40:00,Buns of Teal,My Chemical Throwmance,1,4,8,0.6125106199212309,3020.8624673241884,0.9480668368126313,0
2/19/2025 19:40:00,Pulp Friction,Macaroni in a Pot,2,2,8,0.6108302627096013,2970.1938553534583,0.6931471805599453,0.5
2/19/2025 20:00:00,Dyke Dynasty,Charcoochie,1,3,8,0.46060761015823287,-1046.35174678759,0.6173119769378302,0
2/19/2025 20:00:00,Red Light District,It's the cLIME,2,3,8,0.608595305889087,2920.0313477107993,0.9380132309625099,0
2/19/2025 20:20:00,Call Me Navy,Purple Pain,2,2,8,0.3267353116784829,-4752.051002083997,0.6931471805599453,0.5
2/19/2025 20:20:00,Macaroni in a Pot,Ice Dykes,1,3,8,0.2599002379127839,-6788.228993652348,0.3009702882390895,0
2/19/2025 20:40:00,Charcoochie,Red Light District,3,3,8,0.5776757299419781,2073.5540582786034,0.6931471805599453,0.5
2/19/2025 20:40:00,It's the cLIME,Mary Wannas,2,3,8,0.5626387217475328,1668.8515686376577,0.8269957017444896,0
2/23/2025 16:15:00,2 Girls 1 Train,PATH to Poundtown,4,2,6,0.5167518352780422,392.676121600005,0.6601925288483519,1
2/23/2025 16:15:00,Reese's Pieces,Big D (train) Energy,1,6,6,0.29230998133877817,-5260.111053395921,0.3457491079122205,0
2/23/2025 16:35:00,Big D (train) Energy,Sixual Tension,4,4,6,0.3500916225109626,-3698.4781536391365,0.6931471805599453,0.5
2/23/2025 16:35:00,PATH to Poundtown,QTs,2,3,8,0.384687328294881,-2735.5983213049494,0.4856247310952114,0
2/23/2025 16:55:00,QTs,Reese's Pieces,7,0,8,0.8750492183865335,11031.337202772535,0.1334751446218615,1
2/23/2025 16:55:00,Sixual Tension,2 Girls 1 Train,4,3,6,0.512471660433311,299.75372567772865,0.6685098662139842,1
2/26/2025 19:00:00,Call Me Navy,Red Light District,1,4,8,0.5215339971003683,571.0279533590219,0.7371701199348145,0
2/26/2025 19:00:00,Charcoochie,Ice Dykes,3,1,8,0.36718871001079195,-3584.128672799132,1.0018793668664485,1
2/26/2025 19:20:00,Buns of Teal,Mary Wannas,3,2,8,0.716957527674865,6060.645212094265,0.3327386762948366,1
2/26/2025 19:20:00,My Chemical Throwmance,Macaroni in a Pot,5,1,8,0.7096282640210808,5827.145522695431,0.34301401785964675,1
2/26/2025 19:40:00,Charcoochie,It's the cLIME,2,1,8,0.6619518055113781,4421.038920330218,0.4125625270376043,1
2/26/2025 19:40:00,Pulp Friction,Purple Pain,3,1,8,0.36098053335071706,-3760.867121972211,1.0189312463394609,1
2/26/2025 20:00:00,Dyke Dynasty,Call Me Navy,4,0,8,0.4892730567668979,-284.2133260262017,0.7148345470572655,1
2/26/2025 20:00:00,Red Light District,Buns of Teal,1,6,8,0.3433910333742901,-4258.531639824976,0.420666617861514,0
2/26/2025 20:20:00,Ice Dykes,My Chemical Throwmance,3,1,8,0.5146515252933834,387.70618430541435,0.6642652572650372,1
2/26/2025 20:20:00,Mary Wannas,Pulp Friction,2,4,8,0.3563800321173887,-3886.6804818973615,0.44064683904591173,0
2/26/2025 20:40:00,It's the cLIME,Dyke Dynasty,0,5,8,0.4088346745105909,-2438.0536411703833,0.5256595621348148,0
2/26/2025 20:40:00,Purple Pain,Macaroni in a Pot,3,2,8,0.7296770473699365,6458.179980533587,0.3151532435909343,1
3/2/2025 16:15:00,QTs,2 Girls 1 Train,3,3,6,0.6214561768993196,2964.995351885984,0.6931471805599453,0.5
3/2/2025 16:15:00,Sixual Tension,PATH to Poundtown,4,3,6,0.65299870368055,3665.7849144857555,0.42618013488294443,1
3/2/2025 16:35:00,Big D (train) Energy,QTs,3,4,6,0.3059113789846136,-4870.9975528536015,0.3651556306401827,0
3/2/2025 16:35:00,Reese's Pieces,Sixual Tension,1,6,6,0.11051270924941353,-11719.14812350268,0.11711006006085639,0
3/2/2025 16:55:00,2 Girls 1 Train,Reese's Pieces,7,0,6,0.837513326296766,9444.349089260855,0.1773181034133715,1
3/2/2025 16:55:00,PATH to Poundtown,Big D (train) Energy,5,1,6,0.5273665689798789,641.9605223987328,0.6398593954302898,1
3/5/2025 19:00:00,Call Me Navy,Charcoochie,2,3,8,0.3177284769824503,-5009.640876443291,0.38232757277872065,0
3/5/2025 19:00:00,Red Light District,Macaroni in a Pot,2,4,8,0.6524588497657862,4133.298541744023,1.0568722030479574,0
3/5/2025 19:20:00,Dyke Dynasty,Pulp Friction,3,0,8,0.4365856848267069,-1684.4883524479974,0.8287706232492071,1
3/5/2025 19:20:00,Mary Wannas,My Chemical Throwmance,2,2,8,0.2941898170209892,-5714.663718399504,0.6931471805599453,0.5
3/5/2025 19:40:00,Ice Dykes,Purple Pain,1,3,8,0.5578410647426496,1536.1034893215328,0.8160858795083589,0
3/5/2025 19:40:00,It's the cLIME,Call Me Navy,2,2,8,0.45278442696776333,-1254.0837090071118,0.6931471805599453,0.5
3/5/2025 20:00:00,Charcoochie,Buns of Teal,1,3,8,0.4331633439245294,-1777.0138753816555,0.567684101281682,0
3/5/2025 20:00:00,Macaroni in a Pot,Mary Wannas,2,2,8,0.48672871714302474,-350.63497132536486,0.6931471805599453,0.5
3/5/2025 20:20:00,Purple Pain,My Chemical Throwmance,3,2,8,0.5862813003139,2302.613924740661,0.5339555699195473,1
3/5/2025 20:20:00,Red Light District,Pulp Friction,1,3,8,0.40782958135622255,-2459.727899022979,0.5239608161938518,0
3/5/2025 20:40:00,Buns of Teal,Dyke Dynasty,2,3,8,0.6811763629014129,4968.995418998953,1.1431171908416222,0
3/5/2025 20:40:00,It's the cLIME,Ice Dykes,2,2,8,0.23651566882306618,-7574.414340419266,0.6931471805599453,0.5
3/9/2025 16:15:00,Big D (train) Energy,2 Girls 1 Train,5,2,6,0.3430974164482233,-3881.219582856308,1.0697408591716644,1
3/9/2025 16:15:00,QTs,PATH to Poundtown,4,1,8,0.7053623547683519,5027.8069801051715,0.34904362981669584,1
3/9/2025 16:35:00,Reese's Pieces,PATH to Poundtown,0,7,8,0.21696309085055338,-7297.813390552117,0.2445754459804016,0
3/9/2025 16:35:00,Sixual Tension,QTs,4,4,6,0.4477629811794296,-1254.5237134741856,0.6931471805599453,0.5
3/9/2025 16:55:00,2 Girls 1 Train,Sixual Tension,4,5,6,0.37784904926037205,-2976.7327770036372,0.4745725296098877,0
3/9/2025 16:55:00,Big D (train) Energy,Reese's Pieces,8,0,6,0.7921341613259953,7813.851511623118,0.23302450589989762,1
3/12/2025 19:00:00,Call Me Navy,Ice Dykes,1,4,8,0.2803311433152214,-6134.632468717042,0.3289640940394045,0
3/12/2025 19:00:00,Purple Pain,Mary Wannas,2,4,8,0.7746704542517692,7964.098685088098,1.4901913005581788,0
3/12/2025 19:20:00,Buns of Teal,It's the cLIME,2,2,8,0.7814081465750466,8199.858807508943,0.6931471805599453,0.5
3/12/2025 19:20:00,Pulp Friction,Charcoochie,3,1,8,0.463200117146241,-974.4711400449887,0.7695960998169911,1
3/12/2025 19:40:00,Macaroni in a Pot,Dyke Dynasty,3,2,8,0.2849379868444121,-5985.206242099841,1.2554837124092362,1
3/12/2025 19:40:00,My Chemical Throwmance,Red Light District,6,1,8,0.632414156567412,3569.383735735395,0.45821078843340507,1
3/12/2025 20:00:00,Mary Wannas,Ice Dykes,2,3,8,0.29126113705917345,-5791.63958877233,0.3442681377273729,0
3/12/2025 20:00:00,Pulp Friction,It's the cLIME,4,2,8,0.6883711245960435,5181.737112876361,0.373427161201366,1
3/12/2025 20:20:00,Buns of Teal,Call Me Navy,4,0,8,0.7763212778748068,8011.452785235408,0.25318882660076675,1
3/12/2025 20:20:00,Red Light District,Purple Pain,2,3,8,0.2669724595370797,-6566.459066540308,0.3105720055462978,0
3/12/2025 20:40:00,Dyke Dynasty,My Chemical Throwmance,0,5,8,0.4822619119885697,-469.09350950379667,0.6582857861919147,0
3/12/2025 20:40:00,Macaroni in a Pot,Charcoochie,2,3,8,0.35309584995983445,-3971.25814083717,0.4355571406796795,0
3/16/2025 16:15:00,2 Girls 1 Train,Reese's Pieces,9,0,6,0.8384947326440477,9469.682803059213,0.1761469796180945,1
3/16/2025 16:15:00,PATH to Poundtown,Big D (train) Energy,4,2,6,0.5120283972299513,281.51412389260986,0.6693751921409148,1
3/16/2025 16:35:00,QTs,PATH to Poundtown,2,3,8,0.7002116747128118,4883.633353978194,1.2046786357423724,0
3/16/2025 16:35:00,Sixual Tension,2 Girls 1 Train,2,5,6,0.6665553886878153,4114.995286760024,1.0982785104417059,0
3/16/2025 16:55:00,PATH to Poundtown,2 Girls 1 Train,5,3,6,0.48786353557862755,-283.39600608593537,0.7177195524433339,1
4/27/2025 16:35:00,Gaydes,Serving Cunt(ress),7,0,6,0.5462437633863109,2056.6560383639835,0.6046899497792783,1
4/27/2025 16:35:00,Thunder Cunts,DioNasties,3,3,6,0.6489444206884774,2579.6189263919923,0.6931471805599453,0.5
4/27/2025 16:55:00,Aphrodisiacs,Thunder Cunts,1,7,6,0.37086224708638965,-3999.1637540341435,0.46340504321705617,0
4/27/2025 16:55:00,ur mom,DioNasties,4,2,6,0.4237039829094602,-2796.035864975028,0.8587202210882593,1
4/27/2025 17:15:00,Aphrodisiacs,Gaydes,2,4,6,0.3860099135489901,-2629.650600415711,0.4877764968106008,0
4/27/2025 17:15:00,ur mom,Serving Cunt(ress),5,2,6,0.4702180999050573,-679.2867649369136,0.7545586495612022,1
4/30/2025 19:00:00,Citrus Got Real,Dandy Lions,3,3,8,0.6162160035765547,3123.2337259514206,0.6931471805599453,0.5
4/30/2025 19:00:00,U-Haul Red-y,Extra Virgin Olive Oil,1,3,8,0.4646426882010281,62.96012641800189,0.6248208824922876,0
4/30/2025 19:20:00,Hoedrangeas,Snowmosexuals,1,3,8,0.5523051218744498,1392.04118412164,0.8036433542171207,0
4/30/2025 19:20:00,Winner Mintality,The Garden Hoes,4,0,8,0.492698063355055,-193.65113217402177,0.7078587401177304,1
4/30/2025 19:40:00,Carrot Tops,Lavender Menaces,2,3,8,0.5215316181404261,571.0592504904362,0.7371651478907956,0
4/30/2025 19:40:00,Pop-Off-y Seeds,Pink Peony Club,2,1,8,0.4364769501853635,-1692.4976408600915,0.829019711086769,1
4/30/2025 20:00:00,Dandy Lions,Extra Virgin Olive Oil,4,1,8,0.41277981056676943,-2325.202544293017,0.8848409745215773,1
4/30/2025 20:00:00,Snowmosexuals,Citrus Got Real,3,2,8,0.4748674952627678,-667.1439257820093,0.7447194712048739,1
4/30/2025 20:20:00,Lavender Menaces,Pop-Off-y Seeds,3,2,8,0.44226171961173066,-1534.489003541492,0.8158534463233645,1
4/30/2025 20:20:00,U-Haul Red-y,Pink Peony Club,4,1,8,0.4379324445433364,-1651.8980906046709,0.8256906167037454,1
4/30/2025 20:40:00,Hoedrangeas,Winner Mintality,1,3,8,0.4133507518422824,-2317.281032245177,0.5333281706990792,0
4/30/2025 20:40:00,The Garden Hoes,Carrot Tops,3,1,8,0.6166358936214595,3135.7970303347392,0.48347655305850523,1
5/4/2025 16:35:00,DioNasties,Aphrodisiacs,4,1,6,0.49646954371650515,-82.49760891826827,0.7002331393391195,1
5/4/2025 16:35:00,Serving Cunt(ress),Thunder Cunts,1,5,6,0.2952185679653784,-4901.117994429269,0.3498675497205097,0
5/4/2025 16:55:00,Aphrodisiacs,ur mom,3,4,6,0.433470780379149,-1519.335300939595,0.5682266206370866,0
5/4/2025 16:55:00,Thunder Cunts,Gaydes,5,0,6,0.5506329334740085,1157.4838370248635,0.5966868742701614,1
5/4/2025 17:15:00,Serving Cunt(ress),DioNasties,0,5,6,0.4342780966967169,-1544.4017903771846,0.5696526584444859,0
5/4/2025 17:15:00,ur mom,Gaydes,5,0,6,0.4204929902660178,-1819.9409230669607,0.8663274697056599,1
5/7/2025 19:00:00,Pop-Off-y Seeds,The Garden Hoes,0,5,8,0.4321105978621898,-1805.7088998894615,0.5658285937664328,0
5/7/2025 19:00:00,Snowmosexuals,Dandy Lions,2,3,8,0.5642554183720392,1708.0115047597228,0.8306990292480471,0
5/7/2025 19:20:00,Extra Virgin Olive Oil,Winner Mintality,3,1,8,0.3771445710178256,-3307.3237896954142,0.9751266875419674,1
5/7/2025 19:20:00,Lavender Menaces,U-Haul Red-y,2,3,8,0.5265092526468094,701.8549020670325,0.7476229075116818,0
5/7/2025 19:40:00,Carrot Tops,Hoedrangeas,4,0,8,0.4179315062770408,-2190.7494798091484,0.8724377204652347,1
5/7/2025 19:40:00,The Garden Hoes,Pink Peony Club,2,2,8,0.6107433948178679,2973.508216357741,0.6931471805599453,0.5
5/7/2025 20:00:00,Citrus Got Real,Winner Mintality,0,3,8,0.4456456905423145,-1445.6655349231442,0.5899512489008109,0
5/7/2025 20:00:00,U-Haul Red-y,Dandy Lions,1,3,8,0.48926841913121666,-283.5399032942387,0.6719111088445591,0
5/7/2025 20:20:00,Extra Virgin Olive Oil,Snowmosexuals,2,2,8,0.5217197969360784,575.2651792749766,0.6931471805599453,0.5
5/7/2025 20:20:00,Hoedrangeas,Pop-Off-y Seeds,2,1,8,0.47500276725250395,-662.408919509171,0.7444346491697206,1
5/7/2025 20:40:00,Citrus Got Real,Carrot Tops,3,2,8,0.5647484211001033,1723.0851692118904,0.5713749193880817,1
5/7/2025 20:40:00,Pink Peony Club,Lavender Menaces,2,0,8,0.5065028386720927,172.31091597995874,0.680225350823235,1
5/11/2025 16:35:00,Aphrodisiacs,Serving Cunt(ress),8,0,6,0.4908834776904592,-207.3119155589875,0.7115484956642989,1
5/11/2025 16:35:00,Gaydes,DioNasties,5,1,6,0.5420296468157941,983.4222190441596,0.6124345801162929,1
5/11/2025 16:55:00,Aphrodisiacs,Thunder Cunts,3,4,6,0.23401881687312592,-6590.079156840157,0.2665976746517924,0
5/11/2025 16:55:00,DioNasties,ur mom,4,1,6,0.43503792716655554,-1523.4066273907629,0.8323220628055498,1
5/11/2025 17:15:00,Serving Cunt(ress),Gaydes,2,6,6,0.29179915997902206,-4972.574940640617,0.3450275531697958,0
5/11/2025 17:15:00,Thunder Cunts,ur mom,5,2,6,0.7075602561323648,4961.336527567395,0.345932485413051,1
5/14/2025 19:00:00,Citrus Got Real,Pink Peony Club,1,2,8,0.4954026160989488,-121.85780988900478,0.6839944272891124,0
5/14/2025 19:00:00,Hoedrangeas,Lavender Menaces,2,3,8,0.5238210088399751,630.9124791251088,0.7419614635841822,0
5/14/2025 19:20:00,Extra Virgin Olive Oil,Pop-Off-y Seeds,2,3,8,0.6191207905731042,3197.4591634500157,0.9652729897467996,0
5/14/2025 19:20:00,Winner Mintality,Dandy Lions,2,2,8,0.5616081537347524,1635.9067797762855,0.6931471805599453,0.5
5/14/2025 19:40:00,Carrot Tops,Extra Virgin Olive Oil,2,3,8,0.3944287615131328,-2824.8088618224556,0.5015830705777451,0
5/14/2025 19:40:00,Pink Peony Club,Hoedrangeas,4,0,8,0.6323016702090432,3572.1760066736897,0.4583886724390985,1
5/14/2025 20:00:00,Lavender Menaces,The Garden Hoes,4,1,8,0.40526976222477773,-2528.752933939697,0.903202354040785,1
5/14/2025 20:00:00,U-Haul Red-y,Snowmosexuals,4,1,8,0.46184464580079504,-1011.0088087040076,0.7725267089504264,1
5/14/2025 20:20:00,Dandy Lions,Carrot Tops,2,2,8,0.692499016127406,5301.005811158095,0.6931471805599453,0.5
5/14/2025 20:20:00,Pop-Off-y Seeds,Citrus Got Real,3,1,8,0.4759632056563522,-636.4420572334402,0.7424147267797188,1
5/14/2025 20:40:00,The Garden Hoes,U-Haul Red-y,1,4,8,0.5055523441651748,146.70183446354713,0.7043139862323251,0
5/14/2025 20:40:00,Winner Mintality,Snowmosexuals,2,2,8,0.6254207756467567,3378.952247222722,0.6931471805599453,0.5
5/18/2025 16:35:00,DioNasties,Serving Cunt(ress),2,5,6,0.685046333691853,4488.895889893091,1.155329742060706,0
5/18/2025 16:35:00,ur mom,Aphrodisiacs,2,5,6,0.5947721671487521,2171.167275576714,0.903305819797678,0
5/18/2025 16:55:00,Gaydes,Aphrodisiacs,4,2,6,0.6710090613589891,4007.6951142237513,0.39897263784084847,1
5/18/2025 16:55:00,Thunder Cunts,DioNasties,4,2,6,0.7564437954445143,6480.4116597025,0.2791270440266441,1
5/18/2025 17:15:00,Gaydes,Thunder Cunts,5,2,6,0.3486568994558636,-3529.6822258320517,1.0536669364506468,1
5/18/2025 17:15:00,Serving Cunt(ress),ur mom,4,4,6,0.41641281263670177,-1912.4381334314276,0.6931471805599453,0.5
5/21/2025 19:00:00,Carrot Tops,Snowmosexuals,1,4,8,0.3708946316351425,-3477.4773808097416,0.4634565190379248,0
5/21/2025 19:00:00,Extra Virgin Olive Oil,Lavender Menaces,2,1,8,0.5212312495198588,561.0470183405487,0.6515614786602948,1
5/21/2025 19:20:00,Citrus Got Real,The Garden Hoes,6,0,8,0.44858481793551924,-1363.4317901141876,0.8016575006797818,1
5/21/2025 19:20:00,Dandy Lions,Pink Peony Club,4,0,8,0.46719281781884275,-868.0434830289396,0.7610132204055405,1
5/21/2025 19:40:00,Snowmosexuals,Pop-Off-y Seeds,5,0,8,0.5395348932886244,1047.2652645028156,0.6170478192880722,1
5/21/2025 19:40:00,U-Haul Red-y,Hoedrangeas,4,1,8,0.6505578611124122,4079.2748343469357,0.42992503631131396,1
5/21/2025 20:00:00,Pink Peony Club,Extra Virgin Olive Oil,0,4,8,0.4846579875399899,-405.72771744887905,0.6629244968723653,0
5/21/2025 20:00:00,Winner Mintality,Carrot Tops,4,0,8,0.747156892516343,7024.728156200249,0.2914800857602022,1
5/21/2025 20:20:00,Lavender Menaces,Citrus Got Real,0,6,8,0.4928413950206653,-189.2790052863038,0.6789314939781671,0
5/21/2025 20:20:00,Pop-Off-y Seeds,Dandy Lions,0,6,8,0.3744335633484662,-3370.00976783638,0.46909774104392704,0
5/21/2025 20:40:00,The Garden Hoes,Hoedrangeas,2,2,8,0.5835616617098853,2225.384268293692,0.6931471805599453,0.5
5/21/2025 20:40:00,Winner Mintality,U-Haul Red-y,3,2,8,0.5499905085526844,1324.7342443452544,0.5978542580814648,1
6/1/2025 16:35:00,Aphrodisiacs,DioNasties,0,5,6,0.46259620738864193,-872.9098066333554,0.6210055254915254,0
6/1/2025 16:35:00,Thunder Cunts,Serving Cunt(ress),7,0,6,0.8143962484211452,8114.933472331246,0.20530823975205723,1
6/1/2025 16:55:00,DioNasties,Gaydes,3,2,6,0.31456102535649183,-4490.694759185246,1.1565771823755076,1
6/1/2025 16:55:00,ur mom,Thunder Cunts,3,3,6,0.22798209689375917,-6757.590059275613,0.6931471805599453,0.5
6/1/2025 17:15:00,Gaydes,ur mom,1,5,6,0.6687360121363687,3946.670968825314,1.1048396750604121,0
6/1/2025 17:15:00,Serving Cunt(ress),Aphrodisiacs,5,0,6,0.472323366073021,-628.3411945599,0.7500914303564877,1
6/8/2025 16:35:00,DioNasties,Thunder Cunts,3,5,6,0.31335499007082007,-4528.483765335972,0.3759378453020703,0
6/8/2025 16:35:00,ur mom,Serving Cunt(ress),6,1,6,0.6150657278335887,2646.456279160694,0.486026142360134,1
6/8/2025 16:55:00,DioNasties,ur mom,1,5,6,0.4731504413624757,-625.4863283036848,0.6408402386753506,0
6/8/2025 16:55:00,Gaydes,Aphrodisiacs,7,0,6,0.7335293265902905,5636.490435418432,0.30988770048016084,1
6/8/2025 17:15:00,Serving Cunt(ress),Gaydes,0,9,6,0.26006551455447124,-5818.172588539176,0.301193629884933,0
6/8/2025 17:15:00,Thunder Cunts,Aphrodisiacs,5,1,6,0.8516020038964054,9447.827467650874,0.16063599286975522,1
7/12/2025 8:55:00,Gridlock Boston,Empire Boston,1,6,6,0.24858919552198291,-4187.7371220469695,0.28580276681599975,0
7/12/2025 9:20:00,Empire Boston,Big Apple Bottoms,6,0,6,0.5065192580571656,134.95937012009563,0.6801929341856763,1
7/12/2025 10:35:00,Big Apple Bottoms,Gridlock Boston,2,4,6,0.7381419964720962,5082.2080568078945,1.3399528934080969,0
7/12/2025 12:25:00,Empire Boston,Subway Surfers,3,1,6,0.656236492350916,3198.1058589033546,0.42123404837245665,1
7/20/2025 15:30:00,Drill,Tool Belt,2,3,6,0.5066332322847843,4170.706019350009,0.7065024307928235,0
7/20/2025 15:30:00,Stud Finder,Loose Screw,3,1,6,0.5522951728378613,2379.709220428027,0.5936726422220778,1
7/20/2025 15:50:00,Loose Screw,Drill,2,3,6,0.4380248032171963,-1602.1015589632298,0.5762975639008,0
7/20/2025 15:50:00,Stud Finder,Tool Belt,3,2,6,0.49394135597320493,-159.22069271455075,0.7053384814459619,1
7/20/2025 16:10:00,Drill,Stud Finder,3,1,6,0.4417759727780947,-1497.1006597200176,0.8169523743141086,1
7/20/2025 16:10:00,Tool Belt,Loose Screw,3,2,6,0.6143233312905806,3058.940242978537,0.4872338912460381,1
7/23/2025 19:00:00,GayTorade,Dark Roast Doms,0,4,8,0.5402836654463261,2067.1099434753232,0.777145643728205,0
7/23/2025 19:00:00,The Bloody Marys,Cinnamint Toast Munch,1,2,8,0.6089447715119423,2923.569742412552,0.9389064796414477,0
7/23/2025 19:20:00,Green Eggs and Sam,Jolly Green Gays,2,3,8,0.6550712750609158,2208.3916312598503,1.0644174776738018,0
7/23/2025 19:20:00,Purple P***y Eaters,Ferociously Fruity Pebbles,2,2,8,0.5158301169886682,427.2861018947733,0.6931471805599453,0.5
7/23/2025 19:40:00,Cinnamint Toast Munch,Yolked & Choked,0,4,8,0.5848912997439969,4265.004936749274,0.879214864720956,0
7/23/2025 19:40:00,Dark Roast Doms,Captain Munch,3,1,8,0.5511018406127839,3352.6727723457007,0.5958356582096047,1
7/23/2025 20:00:00,Ferociously Fruity Pebbles,The Bloody Marys,0,4,8,0.4287882116826305,-1934.0724543205833,0.5599952303591983,0
7/23/2025 20:00:00,GayTorade,Purple P***y Eaters,1,3,8,0.47717964158218656,-603.2917826385365,0.6485173568697251,0
7/23/2025 20:20:00,Captain Munch,Jolly Green Gays,3,1,8,0.4996261848608772,-9.861911300091379,0.6938950904530818,1
7/23/2025 20:20:00,Yolked & Choked,Green Eggs and Sam,3,1,8,0.48620028608018767,-365.1092034710655,0.7211346287000657,1
7/27/2025 15:30:00,Loose Screw,Tool Belt,2,4,6,0.3425114432161666,-4267.242453978482,0.41932791921272305,0
7/27/2025 15:30:00,Stud Finder,Drill,3,2,6,0.49564842405823023,-111.41357462572887,0.7018884260538715,1
7/27/2025 15:50:00,Drill,Loose Screw,0,5,6,0.6700355692511215,4513.663515999258,1.1087704159403564,0
7/27/2025 15:50:00,Tool Belt,Stud Finder,3,2,6,0.48596497997323024,-368.46361017121126,0.7216187153461723,1
7/27/2025 16:10:00,Loose Screw,Stud Finder,0,5,6,0.35207151230415573,-3977.9115567524586,0.4339749472138766,0
7/27/2025 16:10:00,Tool Belt,Drill,1,4,6,0.6132043282213753,2947.8825851193615,0.9498587052830171,0
7/30/2025 19:00:00,Cinnamint Toast Munch,Green Eggs and Sam,4,0,8,0.5251736128546589,666.4202603934482,0.6440263799050495,1
7/30/2025 19:00:00,GayTorade,Yolked & Choked,1,2,8,0.4193917049907781,-2145.739896715637,0.5436789405332416,0
7/30/2025 19:20:00,Dark Roast Doms,The Bloody Marys,0,3,8,0.4559173115996495,-1167.975000249191,0.6086540429411975,0
7/30/2025 19:20:00,Purple P***y Eaters,Captain Munch,0,5,8,0.560797843235781,1609.1321515198906,0.8227954781335296,0
7/30/2025 19:40:00,Jolly Green Gays,Cinnamint Toast Munch,0,5,8,0.36770997417424317,-3562.4427009326046,0.458407088475394,0
7/30/2025 19:40:00,Yolked & Choked,Ferociously Fruity Pebbles,3,0,8,0.6008101105266168,2749.8057911136584,0.5094763502340337,1
7/30/2025 20:00:00,Captain Munch,Green Eggs and Sam,4,1,8,0.5660753287835947,1751.2397537286488,0.5690281199109402,1
7/30/2025 20:00:00,The Bloody Marys,GayTorade,0,3,8,0.6984805095660949,5485.8320233511295,1.1989206200157134,0
7/30/2025 20:20:00,Ferociously Fruity Pebbles,Jolly Green Gays,1,3,8,0.5568198462701339,1536.650244463539,0.8137789240420686,0
7/30/2025 20:20:00,Purple P***y Eaters,Dark Roast Doms,3,0,8,0.4723572337317949,-730.0468441361172,0.7500197285372795,1
8/3/2025 15:30:00,Drill,Stud Finder,2,3,6,0.44543093449805404,-1399.7833291167262,0.5895639253908288,0
8/3/2025 15:30:00,Loose Screw,Tool Belt,3,2,6,0.3310099267401408,-4593.189412380587,1.105606913903287,1
8/3/2025 15:50:00,Drill,Tool Belt,1,4,6,0.481045938332138,-486.56802596461966,0.655939912897812,0
8/3/2025 15:50:00,Stud Finder,Loose Screw,4,1,6,0.671585994188352,4650.191112215471,0.39811320839115666,1
8/3/2025 16:10:00,Loose Screw,Drill,3,2,6,0.43059391866323105,-1790.9421733235722,0.8425898170888287,1
8/3/2025 16:10:00,Tool Belt,Stud Finder,5,1,6,0.4230903139558792,-2028.4335340595098,0.8601696145555574,1
8/6/2025 19:00:00,Jolly Green Gays,GayTorade,2,2,8,0.42677036519991046,-1943.3529658352454,0.6931471805599453,0.5
8/6/2025 19:00:00,The Bloody Marys,Captain Munch,1,2,8,0.5391997589812343,1035.8770014366637,0.774790646556396,0
8/6/2025 19:20:00,Ferociously Fruity Pebbles,Cinnamint Toast Munch,1,3,8,0.33972936111857177,-4448.118144780694,0.4151054691015898,0
8/6/2025 19:20:00,Purple P***y Eaters,Yolked & Choked,4,2,8,0.39828137587621354,-2713.659285617645,0.9205965489231427,1
8/6/2025 19:40:00,Dark Roast Doms,Jolly Green Gays,2,3,8,0.5866224062135366,2302.6334996460137,0.8833938330425608,0
8/6/2025 19:40:00,GayTorade,Green Eggs and Sam,1,3,8,0.5588961615427168,1561.0430791715517,0.8184749698975814,0
8/6/2025 20:00:00,Captain Munch,Cinnamint Toast Munch,1,1,8,0.48602285322101807,-368.78122702319524,0.6931471805599453,0.5
8/6/2025 20:00:00,The Bloody Marys,Purple P***y Eaters,1,3,8,0.500333808969432,8.80960109139778,0.693815021454904,0
8/6/2025 20:20:00,Green Eggs and Sam,Ferociously Fruity Pebbles,1,2,8,0.5763293685511769,2070.264995034233,0.8587989382461472,0
8/6/2025 20:20:00,Yolked & Choked,Dark Roast Doms,2,4,8,0.6120258426249559,2996.8554750571893,0.9468165462805498,0
8/10/2025 15:30:00,Loose Screw,Stud Finder,3,2,6,0.3608158137595001,-3725.6904060280885,1.019387662043796,1
8/10/2025 15:30:00,Tool Belt,Drill,3,2,6,0.622967548517932,3204.247034445436,0.4732608506076548,1
8/10/2025 15:50:00,Drill,Loose Screw,3,1,6,0.4617857042152597,-981.6352535498445,0.7726543391990737,1
8/10/2025 15:50:00,Stud Finder,Tool Belt,2,1,6,0.4310279064909199,-1815.2685860786187,0.8415824427356727,1
8/10/2025 16:10:00,Stud Finder,Drill,4,1,6,0.6073844296347538,2775.2574605231475,0.49859336114957736,1
8/10/2025 16:10:00,Tool Belt,Loose Screw,2,1,6,0.6307410004835057,3501.0517326808986,0.4608599595239066,1
8/10/2025 17:00:00,Better Late Than Never,Clit Bait Tourney,0,5,6,0.35322254324871066,-3310.5901188924245,0.43575300539417505,0
8/10/2025 17:00:00,Sizzorhood,Sticky Fingers,2,3,6,0.5995635310505971,1285.2655189161287,0.9152001543965056,0
8/10/2025 17:25:00,Clit Bait Tourney,The Fantastic Flore,4,1,6,0.6232145179408777,2842.6452628129828,0.4728644888996409,1
8/10/2025 17:25:00,Sticky Fingers,Substantial Women,4,2,6,0.5109155291247104,247.1424212959264,0.6715510074825223,1
8/10/2025 17:50:00,Sizzorhood,Better Late Than Never,3,2,6,0.6438390435115051,3250.5224416262554,0.44030651655165076,1
8/10/2025 17:50:00,Substantial Women,The Fantastic Flore,5,2,6,0.5340593566441754,773.8967133628803,0.627248291434802,1
8/10/2025 18:15:00,Better Late Than Never,Sticky Fingers,4,1,6,0.33274980699325185,-3793.511471916203,1.1003644017423906,1
8/10/2025 18:15:00,Substantial Women,Clit Bait Tourney,5,2,6,0.38841301925548427,-2561.2274204520963,0.9456860229015147,1
8/10/2025 18:55:00,Better Late Than Never,Substantial Women,4,2,6,0.3727531490544439,-2849.938692314464,0.9868388772054526,1
8/10/2025 18:55:00,The Fantastic Flore,Sizzorhood,2,3,6,0.3453631573340549,-3611.5317677172998,0.423674635782791,0
8/10/2025 19:20:00,Sizzorhood,Clit Bait Tourney,5,1,6,0.5140820419563079,319.8373428947816,0.6653724115630548,1
8/10/2025 19:20:00,Sticky Fingers,The Fantastic Flore,4,1,6,0.6181136181038049,2716.069745588562,0.4810829903580213,1
8/10/2025 19:45:00,Clit Bait Tourney,Sticky Fingers,4,2,6,0.5211473318839053,478.3482995167615,0.6517224904800537,1
8/10/2025 19:45:00,Substantial Women,Sizzorhood,2,5,6,0.37728331949273713,-2831.0334031854873,0.47366363007329365,0
8/10/2025 20:10:00,The Fantastic Flore,Better Late Than Never,5,1,6,0.410425889678736,-1990.9723662219594,0.8905599031027753,1
8/13/2025 19:00:00,Captain Munch,Ferociously Fruity Pebbles,4,1,8,0.6654345652773235,4583.63080183477,0.4073149701323865,1
8/13/2025 19:00:00,Jolly Green Gays,Purple P***y Eaters,3,1,8,0.3762828311740478,-3309.6266750896284,0.9774142077915445,1
8/13/2025 19:20:00,Cinnamint Toast Munch,GayTorade,4,0,8,0.647846753946465,3996.2546365494454,0.43410110142158326,1
8/13/2025 19:20:00,Green Eggs and Sam,Dark Roast Doms,2,2,8,0.41960506249882235,-2134.7300721178326,0.6931471805599453,0.5
8/13/2025 19:40:00,Jolly Green Gays,The Bloody Marys,1,2,8,0.4502191344185804,-1315.1994226975876,0.5982355063640347,0
8/13/2025 19:40:00,Yolked & Choked,Captain Munch,1,3,8,0.4371380280249242,-1661.7728300159488,0.574720846131126,0
8/13/2025 20:00:00,GayTorade,Ferociously Fruity Pebbles,2,2,8,0.5259203248638749,698.3299708629875,0.6931471805599453,0.5
8/13/2025 20:00:00,Green Eggs and Sam,Purple P***y Eaters,2,1,8,0.4057675810901149,-2505.307749343896,0.9019747436675773,1
8/13/2025 20:20:00,Dark Roast Doms,Cinnamint Toast Munch,1,2,8,0.3816836319471972,-3168.202188612431,0.48075503009648585,0
8/13/2025 20:20:00,Yolked & Choked,The Bloody Marys,1,4,8,0.4604638160730481,-1044.4442025854441,0.6170454271595928,0
8/17/2025 15:30:00,Drill,Stud Finder,2,2,6,0.3325557041150686,-4400.640596127192,0.6931471805599453,0.5
8/17/2025 15:30:00,Loose Screw,Tool Belt,2,1,6,0.30682876614948473,-5287.695817500566,1.181465451989086,1
8/17/2025 15:50:00,Drill,Tool Belt,0,5,6,0.371276408062409,-3351.0907453472064,0.46406355934473786,0
8/17/2025 15:50:00,Stud Finder,Loose Screw,3,1,6,0.6346140941494929,3589.747092838894,0.45473819057841974,1
8/17/2025 16:10:00,Loose Screw,Drill,0,3,6,0.5073601079293115,188.3275933421137,0.7079768138895034,0
8/17/2025 16:10:00,Tool Belt,Stud Finder,3,1,6,0.4825066611497207,-457.13752221430514,0.7287605528067422,1
8/17/2025 17:00:00,Sticky Fingers,The Fantastic Flore,1,0,6,0.6142411754201729,2620.3950513631326,0.48736763411437173,1
8/17/2025 17:00:00,Substantial Women,Better Late Than Never,1,0,6,0.5792807138936203,1754.0567122630982,0.5459680935214094,1
8/17/2025 17:25:00,Sticky Fingers,Clit Bait Tourney,0,1,6,0.43822177072483603,-1400.6089214349995,0.5766481167980628,0
8/17/2025 17:25:00,Substantial Women,Sizzorhood,1,0,6,0.35833076561702987,-3281.8175212158803,1.026298792834074,1
8/17/2025 17:50:00,Sticky Fingers,Better Late Than Never,1,0,6,0.6193024804945642,2658.386333192573,0.4791614657263237,1
8/17/2025 17:50:00,The Fantastic Flore,Sizzorhood,0,1,6,0.2619322302428574,-5771.488908978003,0.3037196296584659,0
8/17/2025 18:15:00,Sticky Fingers,Sizzorhood,1,0,6,0.389400909700193,-2535.820217827695,0.9431458498880789,1
8/17/2025 18:15:00,Substantial Women,Clit Bait Tourney,0,1,6,0.4329268053266974,-1522.6440877671885,0.5672668924513561,0
8/17/2025 18:40:00,Substantial Women,Sticky Fingers,1,0,6,0.46351098126240137,-824.2651703960728,0.7689252022128633,1
8/17/2025 19:05:00,Substantial Women,Clit Bait Tourney,0,1,6,0.4115301701342428,-2014.5395220657592,0.5302296197544016,0
8/20/2025 19:00:00,Captain Munch,GayTorade,2,2,8,0.7087129049082777,5766.75219835851,0.6931471805599453,0.5
8/20/2025 19:00:00,Yolked & Choked,Jolly Green Gays,2,3,8,0.50155027769687,40.78927937526532,0.6962525526343938,0
8/20/2025 19:20:00,Cinnamint Toast Munch,The Bloody Marys,4,2,8,0.5479383634227102,1267.1217897279457,0.6015924738659689,1
8/20/2025 19:20:00,Ferociously Fruity Pebbles,Purple P***y Eaters,2,2,8,0.4035606196260016,-2617.0592661007413,0.6931471805599453,0.5
8/20/2025 19:40:00,Dark Roast Doms,GayTorade,5,1,8,0.5301774811592244,795.4717405117899,0.6345434583807072,1
8/20/2025 19:40:00,Green Eggs and Sam,Yolked & Choked,3,1,8,0.5485331984728801,1281.5199820414655,0.6005074751679709,1
8/20/2025 20:00:00,Jolly Green Gays,Captain Munch,3,1,8,0.3668100126006253,-3565.2955316953357,1.002911241806016,1
8/20/2025 20:00:00,Purple P***y Eaters,Cinnamint Toast Munch,0,4,8,0.3116653306924048,-5157.203907714436,0.3734801213742923,0
8/20/2025 20:20:00,Ferociously Fruity Pebbles,Dark Roast Doms,0,3,8,0.39743626604257376,-2788.8531033330673,0.506561836709949,0
8/20/2025 20:20:00,The Bloody Marys,Green Eggs and Sam,1,1,8,0.5570276418658858,1507.4982058112982,0.6931471805599453,0.5
8/24/2025 15:30:00,Drill,Loose Screw,1,2,6,0.530212479996276,772.841856024741,0.75547477159777,0
8/24/2025 15:30:00,Stud Finder,Tool Belt,2,2,6,0.43634009687845315,-1668.2114289165038,0.6931471805599453,0.5
8/24/2025 15:50:00,Stud Finder,Drill,4,1,6,0.677683250155615,4679.20817439396,0.38907528286689674,1
8/24/2025 15:50:00,Tool Belt,Loose Screw,3,2,6,0.6948465488993463,5327.033127897283,0.3640642507462778,1
8/24/2025 16:10:00,Loose Screw,Stud Finder,2,2,6,0.3166070602696134,-4968.6418077955805,0.6931471805599453,0.5
8/24/2025 16:10:00,Tool Belt,Drill,3,2,6,0.7602539983495742,7200.001425815177,0.2741026931822295,1
8/27/2025 19:00:00,Green Eggs and Sam,GayTorade,0,1,8,0.6024953604597441,2728.5148543117284,0.9225486731564794,0
8/27/2025 19:00:00,Yolked & Choked,Ferociously Fruity Pebbles,1,0,8,0.5375002779639243,1009.3849439159694,0.6208260018382682,1
8/27/2025 19:20:00,Dark Roast Doms,Purple P***y Eaters,0,1,8,0.5927549328447944,2460.7151878733403,0.8983401441449657,0
8/27/2025 19:20:00,Jolly Green Gays,The Bloody Marys,1,0,8,0.46494310755400897,-923.0644630063944,0.7658402302262898,1
8/27/2025 19:40:00,Captain Munch,Yolked & Choked,0,1,8,0.6540317668661315,4152.72119036768,1.0614083198911948,0
8/27/2025 19:40:00,Cinnamint Toast Munch,GayTorade,1,0,8,0.736841939480051,6657.572213197171,0.3053818745425666,1
8/27/2025 20:00:00,Dark Roast Doms,Ferociously Fruity Pebbles,1,0,8,0.6530851111758147,4219.887206442247,0.42604781949183723,1
8/27/2025 20:00:00,Green Eggs and Sam,The Bloody Marys,1,0,8,0.4486179116909193,-1356.1715262111175,0.8015837297151552,1
8/27/2025 20:20:00,Cinnamint Toast Munch,Purple P***y Eaters,0,1,8,0.731579374658716,6480.058455050645,1.3152000313032322,0
8/27/2025 20:20:00,Yolked & Choked,Jolly Green Gays,1,0,8,0.418449631901176,-2157.946785082313,0.8711987501758215,1
8/27/2025 20:40:00,Green Eggs and Sam,Dark Roast Doms,1,0,8,0.4910761547008448,-234.76728744070897,0.7111560619908511,1
8/27/2025 20:40:00,Purple P***y Eaters,Yolked & Choked,1,0,8,0.5061052182541377,160.36062370106447,0.6810106900977382,1
8/29/2025 12:03:00,Gridlock Nola,Empire Nola,1,3,6,0.2221164539253613,-6679.903566965805,0.2511784497161604,0
9/7/2025 15:30:00,Stud Finder,Loose Screw,3,1,6,0.6724726552718114,4648.181765636587,0.3967938296386928,1
9/7/2025 15:30:00,Tool Belt,Drill,2,3,6,0.7598939315417224,7184.290319935224,1.426674501362636,0
9/7/2025 15:50:00,Loose Screw,Tool Belt,3,2,6,0.296517341106252,-5580.247243128017,1.2156495762301391,1
9/7/2025 15:50:00,Stud Finder,Drill,5,0,6,0.6953762390242724,5179.711470220736,0.3633022287809368,1
9/7/2025 16:10:00,Loose Screw,Drill,1,0,6,0.5381201195219818,974.0144166287137,0.6196734732545435,1
9/7/2025 16:30:00,Stud Finder,Loose Screw,1,0,6,0.6636203272015704,4391.72016871493,0.4100450894267755,1
10/12/2025 15:30:00,Gengar,Charmander,5,1,6,0.6440530953061285,3229.151062706709,0.4399741101487498,1
10/12/2025 15:30:00,Lickitung,Articuno,2,3,6,0.6165708244192423,679.7984046883621,0.9586003542894054,0
10/12/2025 15:50:00,Cubone,Gengar,1,4,6,0.4375843219523752,-2374.7175751660543,0.5755140618336547,0
10/12/2025 16:10:00,Charmander,Articuno,2,4,6,0.5013025779934264,28.597572940536338,0.6957557358707857,0
10/12/2025 16:10:00,Lickitung,Cubone,3,3,6,0.44826098667188596,-1207.3826456128245,0.6931471805599453,0.5
10/19/2025 15:30:00,Charmander,Cubone,3,2,6,0.37743515537659234,-2813.5492678936125,0.9743564988847143,1
10/19/2025 15:30:00,Gengar,Lickitung,3,2,6,0.6575132832588102,3656.9969727646403,0.4192903124592922,1
10/19/2025 15:50:00,Cubone,Articuno,2,3,6,0.5332806522606258,731.7485963314739,0.7620271704053243,0
10/19/2025 16:10:00,Articuno,Gengar,1,4,6,0.32216311481397847,-3914.4910212627965,0.3888486023078129,0
10/19/2025 16:10:00,Lickitung,Charmander,3,3,6,0.5160334562331247,372.61699247052456,0.6931471805599453,0.5
10/26/2025 15:30:00,Articuno,Lickitung,3,3,6,0.5141464824227211,320.0692129181207,0.6931471805599453,0.5
10/26/2025 15:30:00,Gengar,Cubone,2,5,6,0.7155938581581773,4980.115309973622,1.2573519854992374,0
10/26/2025 15:50:00,Articuno,Charmander,3,4,6,0.5287959914516636,631.9344052527758,0.7524641395749682,0
10/26/2025 16:10:00,Charmander,Gengar,5,1,6,0.32514065505353573,-3957.6243923510774,1.1234974054966107,1
10/26/2025 16:10:00,Cubone,Lickitung,2,3,6,0.5457022158269921,1064.1005188066592,0.7890023836818816,0
10/29/2025 19:00:00,Cunt Dracula,Count Von Cunt,1,2,8,0.3752489932462041,-4347.808598397376,0.47040209781771997,0
10/29/2025 19:00:00,Howlsexuals,Dykeness Monsters,5,1,8,0.3447974391060231,-4202.694346254919,1.0647981674068887,1
10/29/2025 19:20:00,And They Were Broomates,Hump Her Stiltskin,1,2,8,0.46280378835277974,-1979.9370517831085,0.6213918663921343,0
10/29/2025 19:20:00,Peach Gobblers,Fearmint,3,3,8,0.5386822703804323,1019.7945673118675,0.6931471805599453,0.5
10/29/2025 19:40:00,Count Von Cunt,Yeti Set Go,2,2,8,0.7346673740734435,10597.971306455216,0.6931471805599453,0.5
10/29/2025 19:40:00,Dykeness Monsters,Ghouls Gone Wild,1,6,8,0.5448636996207523,3187.6144816245323,0.7871583436176344,0
10/29/2025 20:00:00,Fearmint,And They Were Broomates,2,1,8,0.4660356079661264,-895.3646712062528,0.7634932358312578,1
10/29/2025 20:00:00,Howlsexuals,Cunt Dracula,4,1,8,0.47435556662520595,-676.1208286992405,0.7457980979423589,1
10/29/2025 20:20:00,Ghouls Gone Wild,Hump Her Stiltskin,2,3,8,0.43988077601562015,-1586.8513756440807,0.5796056179408182,0
10/29/2025 20:20:00,Yeti Set Go,Peach Gobblers,3,2,8,0.4488309010205258,-1352.9153139249102,0.8011090746025994,1
11/2/2025 15:30:00,Charmander,Lickitung,5,1,6,0.5155942958665929,361.8824273276023,0.6624350710764532,1
11/2/2025 15:30:00,Gengar,Articuno,5,0,6,0.6556101741917935,3391.6651278942772,0.422188913331425,1
11/2/2025 15:50:00,Cubone,Charmander,2,5,6,0.4328644502278482,-1520.78512406775,0.5671569389719505,0
11/2/2025 16:10:00,Cubone,Articuno,5,1,6,0.5024762221248353,54.280513206480464,0.6882069593230493,1
11/2/2025 16:10:00,Lickitung,Gengar,2,3,6,0.3354108876796725,-3823.787434890817,0.40858630550048763,0
11/5/2025 19:00:00,Ghouls Gone Wild,And They Were Broomates,1,4,8,0.531059449292639,818.9224892783805,0.7572792761238767,0
11/5/2025 19:00:00,Hump Her Stiltskin,Peach Gobblers,1,2,8,0.6516206977528936,4083.820406955294,1.0544634437848575,0
11/5/2025 19:20:00,Dykeness Monsters,Yeti Set Go,2,3,8,0.5236587437968242,625.8205309123186,0.7416207568219486,0
11/5/2025 19:20:00,Howlsexuals,Fearmint,4,1,8,0.5048566123121782,127.58599033926112,0.6834808260397284,1
11/5/2025 19:40:00,Count Von Cunt,Hump Her Stiltskin,0,4,8,0.594424568718701,2503.7263710790867,0.9024484023038838,0
11/5/2025 19:40:00,Cunt Dracula,Ghouls Gone Wild,1,4,8,0.5067360578683794,177.67569193985946,0.7067108686266375,0
11/5/2025 20:00:00,Peach Gobblers,And They Were Broomates,3,1,8,0.48907229804630165,-287.6035395924646,0.7152449516703735,1
11/5/2025 20:00:00,Yeti Set Go,Howlsexuals,0,4,8,0.47889356773274705,-555.7335391707165,0.6518009735099647,0
11/5/2025 20:20:00,Cunt Dracula,Dykeness Monsters,4,1,8,0.4685488132428693,-832.2784237911928,0.7581149922447313,1
11/5/2025 20:20:00,Fearmint,Count Von Cunt,3,1,8,0.348645294136667,-4080.2437987098056,1.0537002227913592,1
11/8/2025 9:00:00,Clit Bait Charity,Wetness Protection Program,1,3,8,0.38256187028184285,-2764.5792631169243,0.48217641028824737,0
11/8/2025 9:00:00,Gridlock Charity,Itty Bitty Char(titty) Committee,2,1,8,0.5695929741128267,1617.3399612579078,0.5628332537342745,1
11/8/2025 9:20:00,Mixed Bag,Service Tops,0,2,8,0.5070591173109309,150.50431425234638,0.7073660255392308,0
11/8/2025 9:20:00,Wetness Protection Program,Gridlock Charity,3,0,8,0.7421023356460202,5983.145762101971,0.298268126664256,1
11/8/2025 9:40:00,Clit Bait Charity,Mixed Bag,3,0,8,0.7259408602408157,5275.362864511153,0.3202867271987587,1
11/8/2025 9:40:00,Service Tops,Itty Bitty Char(titty) Committee,3,0,8,0.5329341354019188,743.6999882984746,0.6293574358068575,1
11/8/2025 10:00:00,Itty Bitty Char(titty) Committee,Clit Bait Charity,2,2,8,0.25736479609695884,-6034.260542056201,0.6931471805599453,0.5
11/8/2025 10:00:00,Mixed Bag,Wetness Protection Program,0,5,8,0.13367072142526798,-9995.23327711989,0.14349021338746773,0
11/8/2025 10:20:00,Gridlock Charity,Service Tops,2,1,8,0.5520678833844208,1139.3024168863703,0.5940842631204212,1
11/8/2025 10:20:00,Wetness Protection Program,Itty Bitty Char(titty) Committee,2,0,8,0.8493166596835392,9795.568697834096,0.1633231826066939,1
11/8/2025 10:40:00,Clit Bait Charity,Service Tops,3,1,8,0.6863681865076725,4247.324684824243,0.3763410802104844,1
11/8/2025 10:40:00,Mixed Bag,Gridlock Charity,0,3,8,0.3220673512565849,-4034.050988952944,0.3887073341126569,0
11/8/2025 11:00:00,Itty Bitty Char(titty) Committee,Mixed Bag,2,1,8,0.5397517976608703,900.288677958074,0.6166458790492365,1
11/8/2025 11:00:00,Service Tops,Wetness Protection Program,0,4,8,0.14713961759376398,-9414.69973003895,0.15915942319174342,0
11/8/2025 11:20:00,Gridlock Charity,Clit Bait Charity,2,2,8,0.40797378613324436,-2088.815039470828,0.6931471805599453,0.5
11/8/2025 11:50:00,Clit Bait Charity,Mixed Bag,2,0,8,0.8030974304480626,7479.737071396509,0.21927923933453677,1
11/8/2025 11:50:00,Service Tops,Itty Bitty Char(titty) Committee,1,2,8,0.5023003298251849,51.825213630910184,0.6977584558166323,0
11/8/2025 12:10:00,Gridlock Charity,Clit Bait Charity,0,2,8,0.4025329803850423,-2213.640231721618,0.5150561939970403,0
11/8/2025 12:10:00,Wetness Protection Program,Itty Bitty Char(titty) Committee,2,0,8,0.8362792907869694,9275.822898580554,0.1787926418009764,1
11/8/2025 12:30:00,Wetness Protection Program,Clit Bait Charity,3,1,8,0.6702921224163386,4070.722429773843,0.4000416580126032,1
