Time,Team1,Team2,Score1,Score2,P_TrueSkill(team1 wins),P_ELO(team1 wins)
9/19/2023 19:10:00,Red for Filth,Limoncellhoes,1,5,0.5,0.5
9/19/2023 19:10:00,The Grey Agenda,Gay Grimaces,1,5,0.5,0.5
9/19/2023 19:30:00,Booooo Bs,Coochie Monsters,2,3,0.5,0.5
9/19/2023 19:30:00,Gay Grimaces,Red for Filth,2,2,0.5000006171063144,0.5967643562763729
9/19/2023 19:50:00,Booooo Bs,Limoncellhoes,4,0,0.4855391643417965,0.4200815060926639
9/19/2023 19:50:00,The Grey Agenda,Coochie Monsters,1,3,0.4796613287644462,0.422491061609891
9/26/2023 19:10:00,Gay Grimaces,Booooo Bs,0,6,0.5145313400022319,0.5108694216173169
9/26/2023 19:10:00,The Grey Agenda,Red for Filth,3,2,0.4999870326637092,0.4568837382253622
9/26/2023 19:30:00,Gay Grimaces,Coochie Monsters,0,5,0.47952024115684877,0.4256189241773159
9/26/2023 19:30:00,Limoncellhoes,The Grey Agenda,2,1,0.4803259357653989,0.5475961812990233
9/26/2023 19:50:00,Booooo Bs,Red for Filth,3,2,0.4970182966849619,0.6625238850010655
9/26/2023 19:50:00,Coochie Monsters,Limoncellhoes,3,3,0.5173360218015697,0.5904456822941911
10/3/2023 19:10:00,Limoncellhoes,Gay Grimaces,1,3,0.5090809540067271,0.5802440849369784
10/3/2023 19:10:00,Red for Filth,Coochie Monsters,2,2,0.459879543685367,0.31920974318852235
10/3/2023 19:30:00,Coochie Monsters,The Grey Agenda,5,0,0.4825986204366291,0.6669735642725163
10/3/2023 19:30:00,Limoncellhoes,Booooo Bs,2,2,0.5006936362256601,0.35878126503339064
10/3/2023 19:50:00,Booooo Bs,The Grey Agenda,4,0,0.49049234286310256,0.7130202550398015
10/3/2023 19:50:00,Red for Filth,Gay Grimaces,1,3,0.487570077157109,0.4353362287366312
10/10/2023 19:10:00,Coochie Monsters,Gay Grimaces,4,0,0.5008912726297394,0.6045682990516621
10/10/2023 19:10:00,The Grey Agenda,Limoncellhoes,1,3,0.5095035722284633,0.37504386099003084
10/10/2023 19:30:00,Booooo Bs,Coochie Monsters,0,4,0.5075363726772725,0.4731139807236323
10/10/2023 19:30:00,Limoncellhoes,Red for Filth,4,2,0.5215857107622017,0.619985030907342
10/10/2023 19:50:00,Gay Grimaces,The Grey Agenda,1,3,0.4818364869357877,0.6542416322978856
10/10/2023 19:50:00,Red for Filth,Booooo Bs,0,3,0.47862190665553256,0.2859275076081135
10/17/2023 19:10:00,Booooo Bs,Gay Grimaces,1,3,0.5083723619841037,0.6815618964502654
10/17/2023 19:10:00,Red for Filth,The Grey Agenda,1,4,0.4683438054091955,0.4594840747662532
10/17/2023 19:30:00,Coochie Monsters,Red for Filth,3,1,0.5140884405733744,0.8439611195737396
10/17/2023 19:30:00,Gay Grimaces,Limoncellhoes,2,1,0.4899104710447812,0.4421184360352669
10/17/2023 19:50:00,Limoncellhoes,Coochie Monsters,2,3,0.5079386770612647,0.2951401441311405
10/17/2023 19:50:00,The Grey Agenda,Booooo Bs,0,6,0.5095505871416128,0.3647956553373124
10/24/2023 19:10:00,Limoncellhoes,Booooo Bs,1,4,0.48789266748033483,0.39342188200591555
10/24/2023 19:10:00,The Grey Agenda,Gay Grimaces,4,1,0.5154947599889339,0.36626253589974606
10/24/2023 19:30:00,Coochie Monsters,Booooo Bs,3,2,0.5109488074941084,0.5993206824635811
10/24/2023 19:30:00,Red for Filth,Limoncellhoes,2,3,0.49070659046621085,0.3314908045721165
10/24/2023 19:50:00,Coochie Monsters,The Grey Agenda,3,2,0.5184997698173321,0.7890077795349552
10/24/2023 19:50:00,Gay Grimaces,Red for Filth,3,1,0.527064394843981,0.6793409984996966
11/7/2023 19:10:00,Gay Grimaces,The Grey Agenda,4,3,0.49584725831603826,0.5539057693716576
11/7/2023 19:10:00,Limoncellhoes,Red for Filth,5,1,0.5386945328391979,0.7184112446649862
11/7/2023 19:30:00,Booooo Bs,Limoncellhoes,1,3,0.48211169728019376,0.5942467137797328
11/7/2023 19:30:00,Coochie Monsters,Gay Grimaces,1,2,0.5129210687944246,0.7364405794773257
11/7/2023 19:50:00,Gay Grimaces,Limoncellhoes,2,4,0.5283430362139979,0.4817025729558717
1/31/2024 20:30:00,Naughty Nympho Navy,Green Beans,2,3,0.4938319177812311,0.4866335925823097
1/31/2024 20:50:00,H2-Ho,Mommy’s DisappointMints,3,1,0.49494417596665996,0.4857930854412074
1/31/2024 20:50:00,Stupid Cupids,The Orangynas,4,1,0.49783444114608005,0.5283553581218922
1/31/2024 21:10:00,"Be Gay, Do Lime",blU-Haul,5,2,0.5045713303619266,0.535026875826613
1/31/2024 21:10:00,Flint Flickers,Violent Violets,3,4,0.5162475385113448,0.568088291416302
2/7/2024 19:50:00,"Be Gay, Do Lime",Stupid Cupids,1,4,0.5106403612105933,0.5406913223324179
2/7/2024 19:50:00,Naughty Nympho Navy,H2-Ho,3,4,0.49187986202636425,0.46491283193972716
2/7/2024 20:10:00,Green Beans,Flint Flickers,3,3,0.5469425856144833,0.5688265604567149
2/7/2024 20:10:00,The Orangynas,Violent Violets,4,2,0.4710326769315759,0.4527102547673396
2/7/2024 20:30:00,Mommy’s DisappointMints,Naughty Nympho Navy,4,3,0.5402613656766473,0.4907752116431697
2/7/2024 20:30:00,Stupid Cupids,blU-Haul,1,3,0.49417028548828473,0.63106597785153
2/7/2024 20:50:00,The Orangynas,Green Beans,2,3,0.4943805408676315,0.4254726063194629
2/7/2024 20:50:00,Violent Violets,"Be Gay, Do Lime",6,2,0.5195896096435095,0.39684495646301454
2/7/2024 21:10:00,blU-Haul,H2-Ho,1,4,0.4731240804702616,0.46925139081599193
2/7/2024 21:10:00,Flint Flickers,Mommy’s DisappointMints,4,3,0.46031230920474653,0.5075654870399304
2/14/2024 19:50:00,Flint Flickers,Naughty Nympho Navy,4,2,0.597934552159146,0.5797805144689451
2/14/2024 19:50:00,Stupid Cupids,Green Beans,4,1,0.47257977775680504,0.4752774375852094
2/14/2024 20:10:00,"Be Gay, Do Lime",Mommy’s DisappointMints,2,3,0.5074411956858836,0.522382618318545
2/14/2024 20:10:00,The Orangynas,H2-Ho,1,4,0.4591016635090956,0.3628665751257458
2/14/2024 20:30:00,blU-Haul,Naughty Nympho Navy,2,2,0.5694972941630626,0.571708153982427
2/14/2024 20:30:00,Violent Violets,Stupid Cupids,4,2,0.5302039061148934,0.3977340431560805
2/14/2024 20:50:00,Green Beans,"Be Gay, Do Lime",3,3,0.5298325507263772,0.5747634822138366
2/14/2024 20:50:00,H2-Ho,Flint Flickers,7,2,0.4973975498378457,0.5771709447039284
2/14/2024 21:10:00,Mommy’s DisappointMints,The Orangynas,4,2,0.5308253269930467,0.5646464907321039
2/14/2024 21:10:00,Violent Violets,blU-Haul,3,2,0.5492734191471151,0.5745564519540898
2/21/2024 19:50:00,Green Beans,blU-Haul,2,3,0.5458334859182167,0.5731851483294645
2/21/2024 19:50:00,The Orangynas,Flint Flickers,0,5,0.4555610717691308,0.3808283987663309
2/21/2024 20:10:00,H2-Ho,"Be Gay, Do Lime",4,1,0.5251677682724328,0.7076988947577326
2/21/2024 20:10:00,Mommy’s DisappointMints,Stupid Cupids,3,2,0.5245806151485155,0.46862346618019096
2/21/2024 20:30:00,Green Beans,Violent Violets,3,3,0.45577080487561844,0.4218353417416449
2/21/2024 20:30:00,Naughty Nympho Navy,The Orangynas,1,3,0.46790117035956386,0.563437816114699
2/21/2024 20:50:00,blU-Haul,Flint Flickers,1,3,0.45879704220813544,0.43232848080299907
2/21/2024 20:50:00,Stupid Cupids,H2-Ho,0,3,0.455347839927142,0.32694920367570085
2/21/2024 21:10:00,"Be Gay, Do Lime",Naughty Nympho Navy,0,5,0.5489595379954213,0.5655541518252455
2/21/2024 21:10:00,Violent Violets,Mommy’s DisappointMints,2,4,0.49123563473224446,0.5158894974161314
2/28/2024 19:50:00,"Be Gay, Do Lime",The Orangynas,5,0,0.5166350296323822,0.47636741010202116
2/28/2024 19:50:00,Stupid Cupids,Flint Flickers,2,3,0.45240979283313626,0.4102589291728468
2/28/2024 20:10:00,Mommy’s DisappointMints,blU-Haul,4,0,0.5474027074707473,0.643256986490692
2/28/2024 20:10:00,Naughty Nympho Navy,Violent Violets,3,5,0.4277314600713112,0.4005469929927182
2/28/2024 20:30:00,Flint Flickers,"Be Gay, Do Lime",4,1,0.5426272776257917,0.674933322637762
2/28/2024 20:30:00,H2-Ho,Green Beans,1,3,0.5157282009922949,0.722859728061417
2/28/2024 20:50:00,blU-Haul,The Orangynas,2,3,0.5034104840202571,0.5750280413097694
2/28/2024 20:50:00,Naughty Nympho Navy,Stupid Cupids,3,3,0.4782001755785046,0.42080064068694617
2/28/2024 21:10:00,H2-Ho,Violent Violets,4,1,0.49685043124330946,0.6175825047581359
2/28/2024 21:10:00,Mommy’s DisappointMints,Green Beans,4,0,0.5248261634043815,0.5733686782519518
3/6/2024 19:50:00,"Be Gay, Do Lime",blU-Haul,1,3,0.526093239777162,0.5149347907019675
3/6/2024 19:50:00,The Orangynas,Naughty Nympho Navy,3,4,0.5476745937199905,0.4693383689159704
3/6/2024 20:10:00,Flint Flickers,Stupid Cupids,4,1,0.5798142309697989,0.6642316084516618
3/6/2024 20:10:00,Mommy’s DisappointMints,Naughty Nympho Navy,2,3,0.5380641523828654,0.7177891082015118
3/6/2024 20:30:00,H2-Ho,blU-Haul,4,3,0.5509325440241029,0.7415204491417845
3/6/2024 20:30:00,Violent Violets,Green Beans,4,3,0.5190065100415648,0.5090730726277715
3/6/2024 20:50:00,H2-Ho,Violent Violets,5,2,0.4953836426697843,0.6645110073143243
3/6/2024 20:50:00,Naughty Nympho Navy,Flint Flickers,2,4,0.4732166187161798,0.32229876203706087
3/6/2024 21:10:00,H2-Ho,Flint Flickers,4,3,0.5125778843668172,0.5549141317245063
4/10/2024 19:20:00,Blue is the Warmest Dodgeball,Blue-Footed Boobies,4,1,0.478665434942118,0.5407496377938068
4/10/2024 19:20:00,Red Dyke District,Glacial Gushers,0,5,0.5013587917116865,0.5293897425843833
4/10/2024 19:40:00,Inti-MINT-cy issues,Let's Have a Kiwi,3,2,0.5199143457887274,0.5744593125532126
4/10/2024 19:40:00,Purple Pounders,Honey Nut Queerios,4,3,0.5051478083218326,0.43255826992619134
4/10/2024 20:00:00,Blue-Footed Boobies,Lemon Drop Thots,3,3,0.49996274926839485,0.3927358257002249
4/10/2024 20:00:00,Bubblegum Bitches,Blue is the Warmest Dodgeball,2,3,0.5103226904467922,0.4724534331976655
4/10/2024 20:20:00,Glacial Gushers,Honey Nut Queerios,3,3,0.5040254588996984,0.4387864329967128
4/10/2024 20:20:00,Let's Have a Kiwi,Red Dyke District,2,3,0.496264748927579,0.5774291676062655
4/10/2024 20:40:00,Bubblegum Bitches,Inti-MINT-cy issues,0,6,0.4539529549510269,0.38096125028905303
4/10/2024 20:40:00,Lemon Drop Thots,Purple Pounders,3,4,0.45987566381430095,0.4623675556482466
4/17/2024 19:20:00,Honey Nut Queerios,Let's Have a Kiwi,4,3,0.5119863619575672,0.5957089133338296
4/17/2024 19:20:00,Red Dyke District,Bubblegum Bitches,3,2,0.520248420340135,0.49742288890569447
4/17/2024 19:40:00,Inti-MINT-cy issues,Blue-Footed Boobies,4,2,0.522116961831829,0.7186946456957392
4/17/2024 19:40:00,Purple Pounders,Glacial Gushers,1,5,0.5941222431127295,0.5792912488996971
4/17/2024 20:00:00,Bubblegum Bitches,Honey Nut Queerios,2,2,0.45491272483883133,0.34443139124612854
4/17/2024 20:00:00,Lemon Drop Thots,Blue is the Warmest Dodgeball,4,1,0.4798352080321914,0.4246760656466401
4/17/2024 20:20:00,Blue-Footed Boobies,Red Dyke District,5,3,0.48628907956186246,0.42770985879580103
4/17/2024 20:20:00,Let's Have a Kiwi,Glacial Gushers,0,6,0.45997705009577877,0.37908616292682557
4/17/2024 20:40:00,Blue is the Warmest Dodgeball,Purple Pounders,2,3,0.4294825066039555,0.49224572320644777
4/17/2024 20:40:00,Lemon Drop Thots,Inti-MINT-cy issues,0,6,0.45493907091738106,0.3723424503400987
4/24/2024 19:20:00,Glacial Gushers,Bubblegum Bitches,3,4,0.4952981327471955,0.6697259112695534
4/24/2024 19:20:00,Red Dyke District,Lemon Drop Thots,3,2,0.53075238053294,0.4200130868565991
4/24/2024 19:40:00,Honey Nut Queerios,Blue-Footed Boobies,5,2,0.48866184887160535,0.623168088036076
4/24/2024 19:40:00,Inti-MINT-cy issues,Purple Pounders,6,1,0.4423630182187595,0.6660529241499861
4/24/2024 20:00:00,Blue is the Warmest Dodgeball,Red Dyke District,3,3,0.4656232713751668,0.5318077218778546
4/24/2024 20:00:00,Bubblegum Bitches,Let's Have a Kiwi,3,3,0.5788635814090327,0.5701361466770013
4/24/2024 20:20:00,Blue-Footed Boobies,Glacial Gushers,2,3,0.5578975453092965,0.3464122551603654
4/24/2024 20:20:00,Lemon Drop Thots,Honey Nut Queerios,1,5,0.47302515459568145,0.36704321016459857
4/24/2024 20:40:00,Inti-MINT-cy issues,Blue is the Warmest Dodgeball,5,0,0.5214797647351995,0.747929584691982
4/24/2024 20:40:00,Purple Pounders,Let's Have a Kiwi,1,5,0.6188481376870357,0.6136479927829378
5/1/2024 19:20:00,Inti-MINT-cy issues,Honey Nut Queerios,4,1,0.5278369922014023,0.6315875763994006
5/1/2024 19:20:00,Let's Have a Kiwi,Blue-Footed Boobies,3,2,0.47021748400063856,0.5689270412913557
5/1/2024 19:40:00,Blue is the Warmest Dodgeball,Glacial Gushers,2,6,0.530427483243891,0.3747477403836892
5/1/2024 19:40:00,Purple Pounders,Bubblegum Bitches,3,2,0.5938859739809209,0.49014941113937516
5/1/2024 20:00:00,Lemon Drop Thots,Let's Have a Kiwi,1,4,0.4861140324748805,0.453232415627178
5/1/2024 20:00:00,Red Dyke District,Inti-MINT-cy issues,2,3,0.48980902803409065,0.18985254471479318
5/1/2024 20:20:00,Blue-Footed Boobies,Bubblegum Bitches,6,1,0.49635352986244935,0.43485229805090775
5/1/2024 20:20:00,Honey Nut Queerios,Blue is the Warmest Dodgeball,4,0,0.4933319910652645,0.6830122001712781
5/1/2024 20:40:00,Glacial Gushers,Lemon Drop Thots,4,1,0.5036736014219039,0.7164941848839436
5/1/2024 20:40:00,Red Dyke District,Purple Pounders,2,6,0.410861255645787,0.46946106075717664
5/8/2024 19:20:00,Honey Nut Queerios,Red Dyke District,7,0,0.4926211958558092,0.7295766564172007
5/8/2024 19:20:00,Purple Pounders,Blue-Footed Boobies,4,2,0.6134594894586023,0.5962868410456275
5/8/2024 19:40:00,Blue is the Warmest Dodgeball,Bubblegum Bitches,1,4,0.5210735205590405,0.5172396694665906
5/8/2024 19:40:00,Let's Have a Kiwi,Inti-MINT-cy issues,2,3,0.44157301744182287,0.22824995159160966
5/8/2024 20:00:00,Glacial Gushers,Red Dyke District,6,0,0.46879771951478155,0.7579505340634547
5/8/2024 20:00:00,Lemon Drop Thots,Blue-Footed Boobies,4,3,0.49067377903042936,0.47075607116232726
5/8/2024 20:20:00,Honey Nut Queerios,Purple Pounders,3,2,0.40468115404596383,0.6224688540754594
5/8/2024 20:20:00,Let's Have a Kiwi,Blue is the Warmest Dodgeball,2,4,0.4709569640470685,0.6680244233193026
5/8/2024 20:40:00,Bubblegum Bitches,Lemon Drop Thots,2,3,0.47675038980321327,0.5252475854052476
5/8/2024 20:40:00,Glacial Gushers,Inti-MINT-cy issues,2,3,0.4182269691386114,0.3421944315668798
5/15/2024 19:50:00,Honey Nut Queerios,Glacial Gushers,2,4,0.5561896539527408,0.5448130359757333
5/15/2024 19:50:00,Red Dyke District,Let's Have a Kiwi,2,3,0.5304158826682157,0.38146615718637333
5/15/2024 20:10:00,Inti-MINT-cy issues,Bubblegum Bitches,5,2,0.5948334509081175,0.8676928284032794
5/15/2024 20:10:00,Purple Pounders,Lemon Drop Thots,4,3,0.5571299671475799,0.6128006371378906
5/15/2024 20:30:00,Blue-Footed Boobies,Blue is the Warmest Dodgeball,7,2,0.44701361452466926,0.4731880381667354
5/15/2024 20:30:00,Let's Have a Kiwi,Honey Nut Queerios,2,4,0.47274343119570467,0.3295179466765317
5/15/2024 20:50:00,Bubblegum Bitches,Red Dyke District,2,4,0.48122144145690826,0.5609379672718955
5/15/2024 20:50:00,Glacial Gushers,Purple Pounders,3,3,0.36527092269094497,0.6423184148321089
5/15/2024 21:10:00,Blue is the Warmest Dodgeball,Lemon Drop Thots,1,4,0.5029238258963336,0.4341860711277953
5/15/2024 21:10:00,Blue-Footed Boobies,Inti-MINT-cy issues,3,4,0.38542712164058524,0.1416230224459808
7/10/2024 19:20:00,bratz,Royal Pain in the Ice,1,3,0.5120159548284305,0.5018224454553957
7/10/2024 19:20:00,Idina Mintzels,S*xual Tealing,3,3,0.5236038347827603,0.6102960211452815
7/10/2024 19:40:00,GAYtors,Big Eggplant Energy,1,2,0.5053094499699086,0.5784816601890403
7/10/2024 19:40:00,the dodgefathers,C*Mquats,2,2,0.4928453468136211,0.4073102578759579
7/10/2024 20:00:00,Ice To Go,Midnight Snack,0,6,0.5142240099409913,0.5412299975625625
7/10/2024 20:00:00,Red For Filth,Idina Mintzels,5,0,0.5105711256111479,0.5126471225925996
7/10/2024 20:20:00,Big Eggplant Energy,Royal Pain in the Ice,2,2,0.48923524630584564,0.45409817658635165
7/10/2024 20:20:00,S*xual Tealing,Citrus on My Face,2,3,0.49003813614593766,0.389778370384395
7/10/2024 20:40:00,C*Mquats,bratz,3,1,0.5137890612689412,0.6270329770521206
7/10/2024 20:40:00,Midnight Snack,GAYtors,4,0,0.52004953270338,0.6176347264250007
7/17/2024 19:20:00,Citrus on My Face,Red For Filth,0,5,0.5087791410938378,0.4675134567221127
7/17/2024 19:20:00,Idina Mintzels,C*Mquats,0,4,0.4856695391079083,0.4087944544623953
7/17/2024 19:40:00,GAYtors,Ice To Go,2,2,0.4657886780078544,0.4254203803586742
7/17/2024 19:40:00,Royal Pain in the Ice,the dodgefathers,3,2,0.47281875357623493,0.5312948360306471
7/17/2024 20:00:00,Big Eggplant Energy,bratz,1,3,0.4807856637613018,0.5664888772277802
7/17/2024 20:00:00,Midnight Snack,S*xual Tealing,4,1,0.5180593529931141,0.6979427862667922
7/17/2024 20:10:00,bratz,the dodgefathers,3,2,0.5015079922425457,0.4950767648294024
7/17/2024 20:20:00,C*Mquats,Citrus on My Face,2,2,0.4949274427986331,0.5973851565849935
7/17/2024 20:20:00,Royal Pain in the Ice,Idina Mintzels,3,2,0.5043717386793608,0.5760142949131499
7/17/2024 20:40:00,Red For Filth,Midnight Snack,2,2,0.511492200952373,0.4996802839770241
7/17/2024 20:40:00,S*xual Tealing,GAYtors,2,2,0.4905978552791435,0.45577019074891123
7/17/2024 20:50:00,Big Eggplant Energy,Ice To Go,0,5,0.4789752522423308,0.40897024334784904
7/24/2024 19:30:00,Ice To Go,S*xual Tealing,1,3,0.5181553782405883,0.6487934679955852
7/24/2024 19:30:00,Idina Mintzels,bratz,3,1,0.47010969758264004,0.4601975184701259
7/24/2024 19:50:00,Big Eggplant Energy,the dodgefathers,2,3,0.4936638964367501,0.45270978213864527
7/24/2024 19:50:00,GAYtors,Red For Filth,0,3,0.48037051048387347,0.289376861272334
7/24/2024 20:10:00,bratz,Citrus on My Face,0,4,0.5009507384821746,0.39232412056058397
7/24/2024 20:10:00,Royal Pain in the Ice,Midnight Snack,0,4,0.5185087777887356,0.39007190659236723
7/24/2024 20:30:00,C*Mquats,GAYtors,2,3,0.5289678402670658,0.6995431675117689
7/24/2024 20:30:00,Red For Filth,Ice To Go,2,2,0.5047762636855192,0.6823366307386384
7/24/2024 20:50:00,Big Eggplant Energy,S*xual Tealing,4,0,0.4852794021283438,0.3964672093576386
7/24/2024 20:50:00,the dodgefathers,Idina Mintzels,5,0,0.5158079812393369,0.4705463834655576
7/24/2024 21:10:00,Citrus on My Face,Royal Pain in the Ice,1,2,0.4964402824364508,0.5619815459374432
7/24/2024 21:10:00,Midnight Snack,C*Mquats,2,2,0.49940529818542406,0.6167234953110705
7/31/2024 19:30:00,Idina Mintzels,Citrus on My Face,1,3,0.47178281915221204,0.37449454806317695
7/31/2024 19:30:00,Royal Pain in the Ice,Ice To Go,3,2,0.5197123044739591,0.5329704187639991
7/31/2024 19:50:00,bratz,GAYtors,2,2,0.5126341728252989,0.43617324218185166
7/31/2024 19:50:00,S*xual Tealing,Red For Filth,0,4,0.47858721892980566,0.23839975030685998
7/31/2024 20:10:00,Ice To Go,C*Mquats,2,3,0.4903566591425106,0.39503338757251266
7/31/2024 20:10:00,Idina Mintzels,Big Eggplant Energy,4,1,0.5192281385434511,0.4765466314295017
7/31/2024 20:30:00,Citrus on My Face,the dodgefathers,0,4,0.5125122228513942,0.5726317891978996
7/31/2024 20:30:00,Midnight Snack,bratz,4,1,0.48856159587985565,0.7745239538452889
7/31/2024 20:50:00,C*Mquats,S*xual Tealing,2,3,0.5350182182857379,0.7278958144292436
7/31/2024 20:50:00,GAYtors,Royal Pain in the Ice,1,3,0.4714336705063496,0.3800961976616718
7/31/2024 21:10:00,Big Eggplant Energy,Red For Filth,2,3,0.4640385414246779,0.2000553635102511
7/31/2024 21:10:00,the dodgefathers,Midnight Snack,2,2,0.5013846946010637,0.3462724357994648
8/7/2024 19:30:00,Citrus on My Face,Big Eggplant Energy,1,6,0.5573730517722155,0.6620854545106585
8/7/2024 19:30:00,Red For Filth,C*Mquats,2,2,0.5135700837209425,0.6396041992489805
8/7/2024 19:50:00,bratz,S*xual Tealing,2,2,0.5115270970319078,0.4613003736695078
8/7/2024 19:50:00,Midnight Snack,Idina Mintzels,2,3,0.5149969482216994,0.7504438132063079
8/7/2024 20:10:00,Royal Pain in the Ice,Red For Filth,0,2,0.5233744940806695,0.3922202666445929
8/7/2024 20:10:00,the dodgefathers,Ice To Go,3,1,0.5208112964840421,0.6036639393753479
8/7/2024 20:30:00,Citrus on My Face,Midnight Snack,2,2,0.5251648025661171,0.2888263705253995
8/7/2024 20:30:00,Idina Mintzels,GAYtors,1,4,0.49697086134589835,0.5606023041838142
8/7/2024 20:50:00,Big Eggplant Energy,C*Mquats,1,5,0.4482622031446992,0.3448538952750218
8/7/2024 20:50:00,bratz,Ice To Go,2,2,0.5274257664445846,0.4390174709891073
8/7/2024 21:10:00,GAYtors,the dodgefathers,2,2,0.506199461559999,0.37080705518924184
8/7/2024 21:10:00,S*xual Tealing,Royal Pain in the Ice,2,3,0.46786525400029,0.3422603497771361
8/14/2024 19:30:00,Ice To Go,Citrus on My Face,1,5,0.4832465818798745,0.471643439171104
8/14/2024 19:30:00,Red For Filth,bratz,3,1,0.513853361907809,0.8133745708912242
8/14/2024 19:50:00,C*Mquats,Royal Pain in the Ice,3,3,0.45757604584692924,0.5297508249288675
8/14/2024 19:50:00,S*xual Tealing,the dodgefathers,3,2,0.49163977056805175,0.30312111204724645
8/14/2024 20:10:00,Ice To Go,Idina Mintzels,3,2,0.48487614263789836,0.4568450389970755
8/14/2024 20:10:00,Midnight Snack,Big Eggplant Energy,3,2,0.5409999428901892,0.748859436451341
8/14/2024 20:30:00,GAYtors,Citrus on My Face,5,1,0.4995233656664049,0.47154246147608575
8/14/2024 20:30:00,the dodgefathers,Red For Filth,2,3,0.4796009502086025,0.30972706748656564
8/14/2024 20:50:00,bratz,C*Mquats,1,4,0.477394527281344,0.26381801859379217
8/14/2024 20:50:00,S*xual Tealing,Idina Mintzels,4,0,0.518789881002915,0.5301686517724254
8/14/2024 21:10:00,GAYtors,Midnight Snack,3,1,0.4951195033399354,0.36121460422865004
8/14/2024 21:10:00,Royal Pain in the Ice,Big Eggplant Energy,3,1,0.5884295221445006,0.7036726588424699
8/21/2024 19:30:00,Ice To Go,GAYtors,1,3,0.5006365560040689,0.3340695848425141
8/21/2024 19:30:00,Red For Filth,Citrus on My Face,3,1,0.5210594890873693,0.7843639922212723
8/21/2024 19:50:00,bratz,Big Eggplant Energy,1,3,0.5522037492042077,0.48527915740690797
8/21/2024 19:50:00,the dodgefathers,Royal Pain in the Ice,0,6,0.4469458039865485,0.42761848145399234
8/21/2024 20:10:00,C*Mquats,Idina Mintzels,3,2,0.5290455637053963,0.7642227821292358
8/21/2024 20:10:00,Midnight Snack,Ice To Go,1,4,0.5042244633457127,0.7215602071681251
8/21/2024 20:30:00,Big Eggplant Energy,GAYtors,2,3,0.44105610643000753,0.2916633418324556
8/21/2024 20:30:00,Citrus on My Face,S*xual Tealing,3,1,0.4947511260654586,0.4613330103926705
8/21/2024 20:50:00,Idina Mintzels,Red For Filth,1,4,0.45602043596682906,0.1379846724955362
8/21/2024 20:50:00,Royal Pain in the Ice,bratz,4,0,0.5370941376062398,0.8134959495569637
8/21/2024 21:10:00,C*Mquats,the dodgefathers,3,1,0.5517378934649997,0.6570915931871734
8/21/2024 21:10:00,S*xual Tealing,Midnight Snack,1,2,0.5009051734124086,0.37867638703546563
10/9/2024 18:40:00,Clementops,Froggays,3,2,0.4812823547972387,0.3872583223511702
10/9/2024 18:40:00,Violetly Gay,Wet Dreams,2,2,0.5086712262310489,0.5739174630727811
10/9/2024 19:00:00,Cardinal Sinners,Winona Ride Her,3,3,0.5146352144159783,0.5466651956185813
10/9/2024 19:00:00,The Blue Ballers,Urine Trouble,4,1,0.4832705766488675,0.40248902253176727
10/9/2024 19:20:00,Naughty Hotties,Twerkoise,2,1,0.47925922828005785,0.4243394708547781
10/9/2024 19:20:00,Queermint,Lime and Punishment,6,0,0.4930109503434384,0.5134169186206118
10/9/2024 19:40:00,Urine Trouble,Froggays,0,4,0.5040814629074883,0.4668829271050583
10/9/2024 19:40:00,Winona Ride Her,Violetly Gay,1,3,0.5076274201193888,0.4784344121858004
10/9/2024 20:00:00,Clementops,Wet Dreams,3,2,0.5182039002180138,0.4854510728064607
10/9/2024 20:00:00,The Blue Ballers,Lime and Punishment,4,1,0.4829779045875991,0.5582316901909085
10/9/2024 20:20:00,Queermint,Naughty Hotties,2,2,0.5051363364988872,0.5482914591817296
10/9/2024 20:20:00,Twerkoise,Cardinal Sinners,3,2,0.5006144667912378,0.46133574573613706
10/9/2024 20:40:00,Cuntolina Panthers,Washington Formanders,2,1,0.49247054407916424,0.37465342803146245
10/9/2024 20:40:00,Mean Gay Packers,Vikinks,3,1,0.5039023954452965,0.5987287871034592
10/9/2024 21:00:00,Cuntolina Panthers,Vikinks,3,1,0.5198191990042099,0.662275374349048
10/9/2024 21:00:00,Edgar Allen Hoes,Gay Sharks,3,2,0.5030023069899177,0.539132318112008
10/9/2024 21:20:00,Mean Gay Packers,Gay Sharks,4,1,0.5189917891793044,0.674512116222128
10/9/2024 21:20:00,Washington Formanders,Edgar Allen Hoes,0,4,0.48709250524539033,0.5584271225635844
10/16/2024 18:40:00,Lime and Punishment,Urine Trouble,1,4,0.5002836247332194,0.4674585794386009
10/16/2024 18:40:00,Naughty Hotties,The Blue Ballers,3,1,0.5038935334202715,0.4538858486743059
10/16/2024 19:00:00,Cardinal Sinners,Queermint,3,2,0.5009437357666203,0.4940758919111224
10/16/2024 19:00:00,Violetly Gay,Twerkoise,2,3,0.4700664786188693,0.5287182226810317
10/16/2024 19:20:00,Froggays,Lime and Punishment,4,1,0.49741013601009937,0.6917076107819053
10/16/2024 19:20:00,Wet Dreams,Winona Ride Her,2,2,0.47937327788362294,0.48254730843675503
10/16/2024 19:40:00,Clementops,Urine Trouble,3,1,0.5227338348046482,0.5313360108189132
10/16/2024 19:40:00,The Blue Ballers,Cardinal Sinners,1,3,0.4747406597580529,0.41986775387417585
10/16/2024 20:00:00,Froggays,Naughty Hotties,1,4,0.508511643577705,0.5392968403499713
10/16/2024 20:00:00,Queermint,Violetly Gay,3,3,0.49751103128809876,0.46406169385645724
10/16/2024 20:20:00,Twerkoise,Wet Dreams,3,1,0.5524182197292525,0.620346380268359
10/16/2024 20:20:00,Winona Ride Her,Clementops,4,0,0.470572135021316,0.4475377838663058
10/16/2024 20:40:00,Vikinks,Gay Sharks,2,2,0.5144048433867802,0.49063613143615625
10/16/2024 20:40:00,Washington Formanders,Mean Gay Packers,1,3,0.512525881300412,0.38322402119817184
10/16/2024 21:00:00,Cuntolina Panthers,Edgar Allen Hoes,1,4,0.48876780135824216,0.5047374769289945
10/16/2024 21:00:00,Washington Formanders,Vikinks,0,4,0.5244934595022442,0.6072304164012274
10/16/2024 21:20:00,Gay Sharks,Cuntolina Panthers,3,1,0.46913651610199725,0.32754501759530685
10/16/2024 21:20:00,Mean Gay Packers,Edgar Allen Hoes,3,1,0.4745532968629906,0.49477386517775346
10/23/2024 18:40:00,Cardinal Sinners,Froggays,2,2,0.5132759096222002,0.5826013348277722
10/23/2024 18:40:00,Wet Dreams,Queermint,3,4,0.5028635835200346,0.4182098367866416
10/23/2024 19:00:00,Naughty Hotties,Urine Trouble,3,1,0.488587916834402,0.6361884259958056
10/23/2024 19:00:00,Violetly Gay,The Blue Ballers,1,5,0.49850730455128517,0.617251837362285
10/23/2024 19:20:00,Queermint,Winona Ride Her,3,5,0.5226152079780138,0.5373348819181162
10/23/2024 19:20:00,Twerkoise,Clementops,4,0,0.5153799751076347,0.6428089519070619
10/23/2024 19:40:00,Froggays,Violetly Gay,3,2,0.517971580813412,0.5117901762930204
10/23/2024 19:40:00,Lime and Punishment,Naughty Hotties,2,1,0.5111142101632533,0.22900690928162368
10/23/2024 20:00:00,The Blue Ballers,Wet Dreams,1,3,0.5235603032570908,0.6075823064205133
10/23/2024 20:00:00,Urine Trouble,Cardinal Sinners,3,1,0.4937984319323957,0.32223280179106506
10/23/2024 20:20:00,Clementops,Lime and Punishment,1,3,0.5221413064005628,0.585773542548426
10/23/2024 20:20:00,Winona Ride Her,Twerkoise,5,0,0.46090322631509273,0.3892290322605406
10/23/2024 20:40:00,Gay Sharks,Washington Formanders,2,2,0.469105932299137,0.558487189572464
10/23/2024 20:40:00,Vikinks,Cuntolina Panthers,0,3,0.4759418912424947,0.469013877388757
10/23/2024 21:00:00,Edgar Allen Hoes,Washington Formanders,2,3,0.5237709475405644,0.6953925292160085
10/23/2024 21:00:00,Gay Sharks,Mean Gay Packers,3,3,0.5032225696838045,0.23969163676094704
10/23/2024 21:20:00,Edgar Allen Hoes,Vikinks,3,3,0.5258590897796228,0.6494852179094383
10/23/2024 21:20:00,Mean Gay Packers,Cuntolina Panthers,2,2,0.48142989609399534,0.6507320696227934
11/13/2024 18:40:00,Lime and Punishment,Winona Ride Her,0,6,0.5017535529168358,0.2860850491225614
11/13/2024 18:40:00,Urine Trouble,Twerkoise,1,4,0.46367144311805525,0.3774132454618884
11/13/2024 19:00:00,Froggays,Queermint,2,4,0.5062246881464082,0.5523357599555724
11/13/2024 19:00:00,Naughty Hotties,Wet Dreams,2,1,0.5255485644898272,0.6044486988543248
11/13/2024 19:20:00,Cardinal Sinners,Violetly Gay,3,1,0.5337510947414643,0.5738125975942846
11/13/2024 19:20:00,Clementops,The Blue Ballers,2,2,0.5369586641625949,0.42620902022042356
11/13/2024 19:40:00,Urine Trouble,Winona Ride Her,0,4,0.49954877726465824,0.2782341320539509
11/13/2024 19:40:00,Wet Dreams,Lime and Punishment,4,1,0.4617944813412888,0.5753791574467902
11/13/2024 20:00:00,Twerkoise,Froggays,2,3,0.5192800674213883,0.6175071026109313
11/13/2024 20:00:00,Violetly Gay,Naughty Hotties,3,1,0.48134198274988077,0.35080733157364596
11/13/2024 20:20:00,Cardinal Sinners,Clementops,3,0,0.4963913138969785,0.6782199793094248
11/13/2024 20:20:00,Queermint,The Blue Ballers,3,2,0.5154895290272017,0.575687987754337
11/13/2024 20:40:00,Mean Gay Packers,Washington Formanders,1,2,0.4644044052097841,0.7320450741590258
11/13/2024 20:40:00,Vikinks,Edgar Allen Hoes,3,1,0.4913078508315907,0.3610893128149452
11/13/2024 21:00:00,Cuntolina Panthers,Mean Gay Packers,2,2,0.5071300007167759,0.4307482617408741
11/13/2024 21:00:00,Washington Formanders,Gay Sharks,0,5,0.5438416020401381,0.5659887572804063
11/13/2024 21:20:00,Edgar Allen Hoes,Cuntolina Panthers,2,3,0.5039039732244444,0.3637501785468325
11/13/2024 21:20:00,Gay Sharks,Vikinks,1,3,0.49526298472900876,0.5962230492582661
11/20/2024 18:40:00,Violetly Gay,Clementops,3,2,0.46065794750074474,0.625691466521969
11/20/2024 18:40:00,Wet Dreams,Cardinal Sinners,2,5,0.459185946310503,0.3753934448323297
11/20/2024 19:00:00,The Blue Ballers,Froggays,2,3,0.45309654943599975,0.38850960211202895
11/20/2024 19:00:00,Winona Ride Her,Naughty Hotties,1,3,0.5122099498993876,0.6404472162192532
11/20/2024 19:20:00,Lime and Punishment,Twerkoise,2,3,0.48016567078607236,0.28037425161473334
11/20/2024 19:20:00,Queermint,Urine Trouble,3,2,0.5271039690540608,0.6447473535736598
11/20/2024 19:40:00,Froggays,Clementops,3,2,0.547269978238787,0.7033015662293862
11/20/2024 19:40:00,Wet Dreams,Violetly Gay,3,1,0.47792878779054393,0.4378493778923079
11/20/2024 20:00:00,Twerkoise,Naughty Hotties,1,3,0.5460276304761422,0.49190333190937907
11/20/2024 20:00:00,Winona Ride Her,Cardinal Sinners,3,0,0.49566431726087773,0.49524638794585685
11/20/2024 20:20:00,Lime and Punishment,Queermint,0,7,0.45526795354488997,0.2753484836212325
11/20/2024 20:20:00,Urine Trouble,The Blue Ballers,2,2,0.510994992234203,0.4806579244009467
11/20/2024 20:40:00,Gay Sharks,Mean Gay Packers,2,2,0.48846364904019235,0.33218033180321965
11/20/2024 20:40:00,Washington Formanders,Edgar Allen Hoes,3,2,0.5473456961587516,0.5346780604127901
11/20/2024 21:00:00,Edgar Allen Hoes,Gay Sharks,0,3,0.4896344936577928,0.3938681760137754
11/20/2024 21:00:00,Vikinks,Cuntolina Panthers,3,1,0.47873020705423536,0.43410081895083663
11/20/2024 21:20:00,Cuntolina Panthers,Washington Formanders,4,1,0.46088418996454755,0.5509316620916388
11/20/2024 21:20:00,Vikinks,Mean Gay Packers,3,1,0.5023275403931952,0.4808386534102466
12/4/2024 18:40:00,Cardinal Sinners,Clementops,0,2,0.5179517572216426,0.7451594554358186
12/4/2024 18:40:00,Wet Dreams,Urine Trouble,2,0,0.48439227768430315,0.5885805235357113
12/4/2024 19:00:00,Twerkoise,Lime and Punishment,2,0,0.54258025406955,0.7241014850468049
12/4/2024 19:00:00,Violetly Gay,The Blue Ballers,2,0,0.5073422998887678,0.5768410352194417
12/4/2024 19:20:00,Froggays,Clementops,0,2,0.568962022871188,0.6422256098265309
12/4/2024 19:20:00,Naughty Hotties,Wet Dreams,2,0,0.5251350547184124,0.6090564861106428
12/4/2024 19:40:00,Queermint,Twerkoise,2,0,0.5022172916088251,0.5087255049684037
12/4/2024 19:40:00,Winona Ride Her,Violetly Gay,0,2,0.5176138942027351,0.6603529991792746
12/4/2024 20:00:00,Naughty Hotties,Clementops,2,0,0.5033079423487572,0.6794699594418856
12/4/2024 20:00:00,Violetly Gay,Queermint,0,2,0.4487215369775517,0.4511631667645886
12/4/2024 20:20:00,Queermint,Naughty Hotties,2,0,0.5456800019811174,0.4747337468901579
12/4/2024 20:40:00,Cuntolina Panthers,Washington Formanders,2,0,0.4608986059089449,0.6534396091688859
12/4/2024 20:40:00,Mean Gay Packers,Edgar Allen Hoes,2,0,0.5151379028048113,0.6998075341394585
12/4/2024 21:00:00,Gay Sharks,Mean Gay Packers,0,2,0.49567901971986333,0.4410714241812073
12/4/2024 21:00:00,Vikinks,Cuntolina Panthers,0,2,0.47914688919563775,0.5117341986973117
12/4/2024 21:20:00,Cuntolina Panthers,Mean Gay Packers,2,0,0.5236830426170841,0.5474167191178563
2/2/2025 16:15:00,2 Girls 1 Train,Sixual Tension,3,3,0.5081939036741355,0.5970159277104672
2/2/2025 16:15:00,Big D (train) Energy,Reese's Pieces,3,0,0.5373790040067663,0.6548133097925672
2/2/2025 16:35:00,QTs,Sixual Tension,2,4,0.504167279270312,0.6850277111470431
2/2/2025 16:35:00,Reese's Pieces,PATH to Poundtown,0,5,0.4835103195928176,0.35433742897464793
2/2/2025 16:55:00,2 Girls 1 Train,Big D (train) Energy,2,5,0.47310521835696195,0.5133577342636643
2/2/2025 16:55:00,QTs,PATH to Poundtown,5,2,0.4943672573398239,0.5914372032292062
2/5/2025 19:00:00,My Chemical Throwmance,Dyke Dynasty,3,0,0.4514004502805917,0.3255684061751532
2/5/2025 19:00:00,Purple Pain,Red Light District,3,1,0.5164841183468731,0.5273148174130159
2/5/2025 19:20:00,Charcoochie,Macaroni in a Pot,4,0,0.4995344390503038,0.5020593935056006
2/5/2025 19:20:00,Ice Dykes,Mary Wannas,3,2,0.5203309658488549,0.6029413250199486
2/5/2025 19:40:00,Call Me Navy,Buns of Teal,1,3,0.4775079415307012,0.44613815025537995
2/5/2025 19:40:00,It's the cLIME,Pulp Friction,1,5,0.4968424517825621,0.4778331194861905
2/5/2025 20:00:00,Dyke Dynasty,Purple Pain,1,2,0.5150400645484655,0.4624569582028742
2/5/2025 20:00:00,Red Light District,Mary Wannas,3,2,0.5085248395974533,0.5647424525755143
2/5/2025 20:20:00,Ice Dykes,Buns of Teal,2,2,0.5020247555941054,0.4632085196832683
2/5/2025 20:20:00,My Chemical Throwmance,Charcoochie,3,1,0.47346145517450283,0.42599865397646886
2/5/2025 20:40:00,Macaroni in a Pot,It's the cLIME,0,6,0.5062868211251171,0.5470649042010541
2/5/2025 20:40:00,Pulp Friction,Call Me Navy,5,1,0.4946321424412748,0.5635434766015295
2/9/2025 16:15:00,Reese's Pieces,QTs,1,9,0.4901759181208608,0.16433129671706545
2/9/2025 16:15:00,Sixual Tension,Big D (train) Energy,3,2,0.47622496789197377,0.4547981756232426
2/9/2025 16:35:00,PATH to Poundtown,2 Girls 1 Train,5,0,0.5051733600740203,0.4976987557117819
2/9/2025 16:35:00,Sixual Tension,Reese's Pieces,8,0,0.5317209369877972,0.8012195587531367
2/9/2025 16:55:00,2 Girls 1 Train,QTs,4,3,0.49906778837308086,0.2594258505864415
2/9/2025 16:55:00,PATH to Poundtown,Big D (train) Energy,5,1,0.49245799683727626,0.5086184507278914
2/12/2025 19:00:00,Ice Dykes,Red Light District,5,1,0.5193029550233017,0.5659956983065764
2/12/2025 19:00:00,My Chemical Throwmance,Call Me Navy,1,2,0.4730821682033501,0.644381093089267
2/12/2025 19:20:00,Macaroni in a Pot,Buns of Teal,2,3,0.4742645793754402,0.2963957933577706
2/12/2025 19:20:00,Mary Wannas,Dyke Dynasty,1,3,0.4537294528759645,0.3895786619330484
2/12/2025 19:40:00,Charcoochie,Purple Pain,1,2,0.48763581307223913,0.42946091269040515
2/12/2025 19:40:00,Pulp Friction,Ice Dykes,2,2,0.45918818920579013,0.4500381571650765
2/12/2025 20:00:00,Dyke Dynasty,Red Light District,0,5,0.507885763590213,0.5744429813579579
2/12/2025 20:00:00,It's the cLIME,My Chemical Throwmance,0,4,0.5168156692556453,0.4230723270975897
2/12/2025 20:20:00,Call Me Navy,Macaroni in a Pot,2,1,0.5095702607700882,0.5860357582317195
2/12/2025 20:20:00,Mary Wannas,Charcoochie,0,3,0.474700844292928,0.364087021422664
2/12/2025 20:40:00,Buns of Teal,Pulp Friction,4,1,0.5372619100651461,0.5445964035953809
2/12/2025 20:40:00,Purple Pain,It's the cLIME,3,1,0.5245762573178493,0.6965476833961698
2/16/2025 16:15:00,PATH to Poundtown,Sixual Tension,3,4,0.48409070281823297,0.49509621641127805
2/16/2025 16:15:00,QTs,Big D (train) Energy,9,1,0.4667142431654119,0.6511099885180369
2/16/2025 16:35:00,QTs,Sixual Tension,3,1,0.4263546926569182,0.5182296259870004
2/16/2025 16:35:00,Reese's Pieces,2 Girls 1 Train,0,6,0.4559476082832435,0.255231096845375
2/16/2025 16:55:00,Big D (train) Energy,2 Girls 1 Train,0,10,0.47820760041915034,0.4138236073153798
2/16/2025 16:55:00,PATH to Poundtown,Reese's Pieces,5,2,0.4883931322722752,0.8451150047369708
2/19/2025 19:00:00,My Chemical Throwmance,Pulp Friction,5,0,0.46132559537968326,0.5188912895704284
2/19/2025 19:00:00,Purple Pain,Buns of Teal,2,2,0.46765410016417064,0.4840664059821021
2/19/2025 19:20:00,Ice Dykes,Dyke Dynasty,4,0,0.5062186552406894,0.6422474829954634
2/19/2025 19:20:00,Mary Wannas,Call Me Navy,4,1,0.46696640829763,0.3547384056052295
2/19/2025 19:40:00,Buns of Teal,My Chemical Throwmance,1,4,0.5707700974545288,0.539862886344973
2/19/2025 19:40:00,Pulp Friction,Macaroni in a Pot,2,2,0.510268472575055,0.6498494296985889
2/19/2025 20:00:00,Dyke Dynasty,Charcoochie,1,3,0.5228515494172737,0.3953502793408467
2/19/2025 20:00:00,Red Light District,It's the cLIME,2,3,0.523223780665632,0.6482408613655577
2/19/2025 20:20:00,Call Me Navy,Purple Pain,2,2,0.47931597862958436,0.2881429916865912
2/19/2025 20:20:00,Macaroni in a Pot,Ice Dykes,1,3,0.47032889558449553,0.23560991482470575
2/19/2025 20:40:00,Charcoochie,Red Light District,3,3,0.49715606163847675,0.5745190766677641
2/19/2025 20:40:00,It's the cLIME,Mary Wannas,2,3,0.5376072793664206,0.5132499254883087
2/23/2025 16:15:00,2 Girls 1 Train,PATH to Poundtown,4,2,0.5545647439036214,0.42555347092169643
2/23/2025 16:15:00,Reese's Pieces,Big D (train) Energy,1,6,0.476407142116502,0.3125629280609989
2/23/2025 16:35:00,Big D (train) Energy,Sixual Tension,4,4,0.4648891652648852,0.27902453256672666
2/23/2025 16:35:00,PATH to Poundtown,QTs,2,3,0.5008926898492079,0.39325926328462685
2/23/2025 16:55:00,QTs,Reese's Pieces,7,0,0.5072825002056873,0.9236742550049958
2/23/2025 16:55:00,Sixual Tension,2 Girls 1 Train,4,3,0.5018330981468249,0.4686174622121832
2/26/2025 19:00:00,Call Me Navy,Red Light District,1,4,0.5148868063845567,0.4503277148331496
2/26/2025 19:00:00,Charcoochie,Ice Dykes,3,1,0.46558791199889193,0.3854159661226222
2/26/2025 19:20:00,Buns of Teal,Mary Wannas,3,2,0.553905599617492,0.6900556077457948
2/26/2025 19:20:00,My Chemical Throwmance,Macaroni in a Pot,5,1,0.4624856712035274,0.7762334276031799
2/26/2025 19:40:00,Charcoochie,It's the cLIME,2,1,0.49839239725799983,0.6997642928237795
2/26/2025 19:40:00,Pulp Friction,Purple Pain,3,1,0.4889280869035732,0.36899894145862094
2/26/2025 20:00:00,Dyke Dynasty,Call Me Navy,4,0,0.5084647052838251,0.5060391490315904
2/26/2025 20:00:00,Red Light District,Buns of Teal,1,6,0.444646409553762,0.3965272549660228
2/26/2025 20:20:00,Ice Dykes,My Chemical Throwmance,3,1,0.5695841799014015,0.4472049094390888
2/26/2025 20:20:00,Mary Wannas,Pulp Friction,2,4,0.4737249459934199,0.35350794468198016
2/26/2025 20:40:00,It's the cLIME,Dyke Dynasty,0,5,0.47691500023209143,0.4268908142959995
2/26/2025 20:40:00,Purple Pain,Macaroni in a Pot,3,2,0.5174463567874604,0.742989736561782
3/2/2025 16:15:00,QTs,2 Girls 1 Train,3,3,0.48457437409643855,0.6539386429715955
3/2/2025 16:15:00,Sixual Tension,PATH to Poundtown,4,3,0.6029882888834345,0.5864364376051608
3/2/2025 16:35:00,Big D (train) Energy,QTs,3,4,0.5232487568977906,0.1985489330423421
3/2/2025 16:35:00,Reese's Pieces,Sixual Tension,1,6,0.40021356579676615,0.08672499380372048
3/2/2025 16:55:00,2 Girls 1 Train,Reese's Pieces,7,0,0.5176631945696353,0.8913914845269016
3/2/2025 16:55:00,PATH to Poundtown,Big D (train) Energy,5,1,0.4518235933538164,0.6476189262233474
3/5/2025 19:00:00,Call Me Navy,Charcoochie,2,3,0.5182314067166557,0.24710655183937508
3/5/2025 19:00:00,Red Light District,Macaroni in a Pot,2,4,0.5057063397969819,0.6803390949609751
3/5/2025 19:20:00,Dyke Dynasty,Pulp Friction,3,0,0.5034731294082504,0.4118770157474125
3/5/2025 19:20:00,Mary Wannas,My Chemical Throwmance,2,2,0.5195171531681851,0.2627754958088033
3/5/2025 19:40:00,Ice Dykes,Purple Pain,1,3,0.506449058871108,0.5783218474525352
3/5/2025 19:40:00,It's the cLIME,Call Me Navy,2,2,0.4912003971571871,0.49077396309495297
3/5/2025 20:00:00,Charcoochie,Buns of Teal,1,3,0.45543195376643125,0.45177258696120504
3/5/2025 20:00:00,Macaroni in a Pot,Mary Wannas,2,2,0.5230932529997618,0.46922004389576255
3/5/2025 20:20:00,Purple Pain,My Chemical Throwmance,3,2,0.5667166223558421,0.5233076375146536
3/5/2025 20:20:00,Red Light District,Pulp Friction,1,3,0.48137189165645305,0.41122956064654004
3/5/2025 20:40:00,Buns of Teal,Dyke Dynasty,2,3,0.5405437401868275,0.6664128191243716
3/5/2025 20:40:00,It's the cLIME,Ice Dykes,2,2,0.4617392734864202,0.22667467357913115
3/9/2025 16:15:00,Big D (train) Energy,2 Girls 1 Train,5,2,0.4912388066073811,0.25421907310796465
3/9/2025 16:15:00,QTs,PATH to Poundtown,4,1,0.5870381525888272,0.6883357160801238
3/9/2025 16:35:00,Reese's Pieces,PATH to Poundtown,0,7,0.5426091589933194,0.14106318455001482
3/9/2025 16:35:00,Sixual Tension,QTs,4,4,0.5509360857962208,0.37898756052728044
3/9/2025 16:55:00,2 Girls 1 Train,Sixual Tension,4,5,0.4364272984823906,0.3680775551090529
3/9/2025 16:55:00,Big D (train) Energy,Reese's Pieces,8,0,0.5090473442236153,0.8297907881176656
3/12/2025 19:00:00,Call Me Navy,Ice Dykes,1,4,0.47350690154185504,0.23911571699719583
3/12/2025 19:00:00,Purple Pain,Mary Wannas,2,4,0.5644388114260023,0.7543389331217637
3/12/2025 19:20:00,Buns of Teal,It's the cLIME,2,2,0.5404828895814341,0.792477724978174
3/12/2025 19:20:00,Pulp Friction,Charcoochie,3,1,0.5041539273559081,0.4680814752105855
3/12/2025 19:40:00,Macaroni in a Pot,Dyke Dynasty,3,2,0.44799912654402085,0.2824776424413776
3/12/2025 19:40:00,My Chemical Throwmance,Red Light District,6,1,0.45927786595773734,0.6901988018722462
3/12/2025 20:00:00,Mary Wannas,Ice Dykes,2,3,0.44672773741912364,0.3044065510940235
3/12/2025 20:00:00,Pulp Friction,It's the cLIME,4,2,0.49402833802049706,0.7196370583010755
3/12/2025 20:20:00,Buns of Teal,Call Me Navy,4,0,0.5376416480182242,0.8127809957186214
3/12/2025 20:20:00,Red Light District,Purple Pain,2,3,0.4575320036618889,0.27792192099317364
3/12/2025 20:40:00,Dyke Dynasty,My Chemical Throwmance,0,5,0.5686854066933388,0.43084330740079346
3/12/2025 20:40:00,Macaroni in a Pot,Charcoochie,2,3,0.48795002883285493,0.3500214847376157
3/16/2025 16:15:00,2 Girls 1 Train,Reese's Pieces,9,0,0.489046959751332,0.8815039627107139
3/16/2025 16:15:00,PATH to Poundtown,Big D (train) Energy,4,2,0.44644066755322254,0.6031117238881801
3/16/2025 16:35:00,QTs,PATH to Poundtown,2,3,0.6003627694904842,0.6563255918638873
3/16/2025 16:35:00,Sixual Tension,2 Girls 1 Train,2,5,0.6229741706967117,0.6570071697184037
3/16/2025 16:55:00,PATH to Poundtown,2 Girls 1 Train,5,3,0.4977419898323928,0.544922621522295
4/27/2025 16:35:00,Gaydes,Serving Cunt(ress),7,0,0.5088706400570978,0.5268336994212545
4/27/2025 16:35:00,Thunder Cunts,DioNasties,3,3,0.5489434900631577,0.6866652602071784
4/27/2025 16:55:00,Aphrodisiacs,Thunder Cunts,1,7,0.4633881694865415,0.4440362220078739
4/27/2025 16:55:00,ur mom,DioNasties,4,2,0.4940699337114215,0.3949697047563008
4/27/2025 17:15:00,Aphrodisiacs,Gaydes,2,4,0.45765596821986215,0.4040689107829216
4/27/2025 17:15:00,ur mom,Serving Cunt(ress),5,2,0.48191680584460816,0.49735167587032936
4/30/2025 19:00:00,Citrus Got Real,Dandy Lions,3,3,0.493022316417249,0.6379882848713078
4/30/2025 19:00:00,U-Haul Red-y,Extra Virgin Olive Oil,1,3,0.5301721852553585,0.40751812367993817
4/30/2025 19:20:00,Hoedrangeas,Snowmosexuals,1,3,0.4940236718341244,0.5898568913535405
4/30/2025 19:20:00,Winner Mintality,The Garden Hoes,4,0,0.5085303327028083,0.479389114443456
4/30/2025 19:40:00,Carrot Tops,Lavender Menaces,2,3,0.492561515478749,0.5188714766956506
4/30/2025 19:40:00,Pop-Off-y Seeds,Pink Peony Club,2,1,0.4927353445522093,0.4095476591101426
4/30/2025 20:00:00,Dandy Lions,Extra Virgin Olive Oil,4,1,0.538776333552563,0.327269273176821
4/30/2025 20:00:00,Snowmosexuals,Citrus Got Real,3,2,0.4825442489368409,0.4688991371925161
4/30/2025 20:20:00,Lavender Menaces,Pop-Off-y Seeds,3,2,0.520298913226582,0.433672773449133
4/30/2025 20:20:00,U-Haul Red-y,Pink Peony Club,4,1,0.5075133884213076,0.40604205475299776
4/30/2025 20:40:00,Hoedrangeas,Winner Mintality,1,3,0.46933280635857333,0.4260247434546019
4/30/2025 20:40:00,The Garden Hoes,Carrot Tops,3,1,0.5294501695010075,0.5943532977820148
5/4/2025 16:35:00,DioNasties,Aphrodisiacs,4,1,0.5158839326897348,0.43370994966782417
5/4/2025 16:35:00,Serving Cunt(ress),Thunder Cunts,1,5,0.4939629389425914,0.199290974482728
5/4/2025 16:55:00,Aphrodisiacs,ur mom,3,4,0.48253845483998997,0.41157939923387965
5/4/2025 16:55:00,Thunder Cunts,Gaydes,5,0,0.49190109025363704,0.5589992045754031
5/4/2025 17:15:00,Serving Cunt(ress),DioNasties,0,5,0.5155765576092529,0.36264205561841484
5/4/2025 17:15:00,ur mom,Gaydes,5,0,0.5064241542421645,0.4126416474969825
5/7/2025 19:00:00,Pop-Off-y Seeds,The Garden Hoes,0,5,0.472680686035967,0.459836120191575
5/7/2025 19:00:00,Snowmosexuals,Dandy Lions,2,3,0.49561618926871176,0.5358006633927043
5/7/2025 19:20:00,Extra Virgin Olive Oil,Winner Mintality,3,1,0.45765812965163327,0.4111930480840581
5/7/2025 19:20:00,Lavender Menaces,U-Haul Red-y,2,3,0.5234994628141699,0.48606332483677156
5/7/2025 19:40:00,Carrot Tops,Hoedrangeas,4,0,0.49295876650784926,0.4156074360723137
5/7/2025 19:40:00,The Garden Hoes,Pink Peony Club,2,2,0.5132284171011082,0.5821017333143889
5/7/2025 20:00:00,Citrus Got Real,Winner Mintality,0,3,0.48431454682683833,0.4608672560154965
5/7/2025 20:00:00,U-Haul Red-y,Dandy Lions,1,3,0.49643803894049765,0.5127766834752282
5/7/2025 20:20:00,Extra Virgin Olive Oil,Snowmosexuals,2,2,0.47698387124705044,0.5778354803451982
5/7/2025 20:20:00,Hoedrangeas,Pop-Off-y Seeds,2,1,0.5038798137037512,0.4727631410550478
5/7/2025 20:40:00,Citrus Got Real,Carrot Tops,3,2,0.522302951719443,0.5402910085740135
5/7/2025 20:40:00,Pink Peony Club,Lavender Menaces,2,0,0.48173699228632716,0.5355307408964807
5/11/2025 16:35:00,Aphrodisiacs,Serving Cunt(ress),8,0,0.4418452653266212,0.5754357131213131
5/11/2025 16:35:00,Gaydes,DioNasties,5,1,0.5299452071019677,0.5005410108557138
5/11/2025 16:55:00,Aphrodisiacs,Thunder Cunts,3,4,0.4367571036112186,0.192977897301216
5/11/2025 16:55:00,DioNasties,ur mom,4,1,0.46252222361475404,0.3610597187738817
5/11/2025 17:15:00,Serving Cunt(ress),Gaydes,2,6,0.48611775983548505,0.19038173244996753
5/11/2025 17:15:00,Thunder Cunts,ur mom,5,2,0.5129385979444734,0.7683992057794673
5/14/2025 19:00:00,Citrus Got Real,Pink Peony Club,1,2,0.5100820446995749,0.45598955681416536
5/14/2025 19:00:00,Hoedrangeas,Lavender Menaces,2,3,0.4670562533733893,0.5103536347221019
5/14/2025 19:20:00,Extra Virgin Olive Oil,Pop-Off-y Seeds,2,3,0.49867585988410895,0.657747959054437
5/14/2025 19:20:00,Winner Mintality,Dandy Lions,2,2,0.49079701046616014,0.5746124751209506
5/14/2025 19:40:00,Carrot Tops,Extra Virgin Olive Oil,2,3,0.5027237250855207,0.3736621146080449
5/14/2025 19:40:00,Pink Peony Club,Hoedrangeas,4,0,0.5281045468214007,0.6604458417243585
5/14/2025 20:00:00,Lavender Menaces,The Garden Hoes,4,1,0.5302483893510191,0.38915970871196015
5/14/2025 20:00:00,U-Haul Red-y,Snowmosexuals,4,1,0.5344939504105883,0.4760063149956445
5/14/2025 20:20:00,Dandy Lions,Carrot Tops,2,2,0.5647663369218561,0.658166265742711
5/14/2025 20:20:00,Pop-Off-y Seeds,Citrus Got Real,3,1,0.482816017855947,0.47008678955268246
5/14/2025 20:40:00,The Garden Hoes,U-Haul Red-y,1,4,0.4810139370829416,0.4645309014890956
5/14/2025 20:40:00,Winner Mintality,Snowmosexuals,2,2,0.5339088790065705,0.6514020037005032
5/18/2025 16:35:00,DioNasties,Serving Cunt(ress),2,5,0.48859646188515016,0.813117226387031
5/18/2025 16:35:00,ur mom,Aphrodisiacs,2,5,0.6008618808648681,0.5729987828373792
5/18/2025 16:55:00,Gaydes,Aphrodisiacs,4,2,0.5919998049699592,0.6246528665543878
5/18/2025 16:55:00,Thunder Cunts,DioNasties,4,2,0.5500928910109238,0.8406654275516997
5/18/2025 17:15:00,Gaydes,Thunder Cunts,5,2,0.48034072856280297,0.28592250195472546
5/18/2025 17:15:00,Serving Cunt(ress),ur mom,4,4,0.47423078493561227,0.36727506007511956
5/21/2025 19:00:00,Carrot Tops,Snowmosexuals,1,4,0.4848078671015957,0.4079033039612843
5/21/2025 19:00:00,Extra Virgin Olive Oil,Lavender Menaces,2,1,0.45130438036961185,0.5707911511311122
5/21/2025 19:20:00,Citrus Got Real,The Garden Hoes,6,0,0.5103629292776388,0.4618940181160492
5/21/2025 19:20:00,Dandy Lions,Pink Peony Club,4,0,0.5004650153794699,0.45527900313861
5/21/2025 19:40:00,Snowmosexuals,Pop-Off-y Seeds,5,0,0.501695472965903,0.543263442529532
5/21/2025 19:40:00,U-Haul Red-y,Hoedrangeas,4,1,0.5424563624566644,0.6897331569302875
5/21/2025 20:00:00,Pink Peony Club,Extra Virgin Olive Oil,0,4,0.5207969539937244,0.4485116994926089
5/21/2025 20:00:00,Winner Mintality,Carrot Tops,4,0,0.5274768871351592,0.7411928850036166
5/21/2025 20:20:00,Lavender Menaces,Citrus Got Real,0,6,0.5182001333248962,0.4822351644086994
5/21/2025 20:20:00,Pop-Off-y Seeds,Dandy Lions,0,6,0.4894928448843539,0.3342961936847588
5/21/2025 20:40:00,The Garden Hoes,Hoedrangeas,2,2,0.5241933818008546,0.5531062193801053
5/21/2025 20:40:00,Winner Mintality,U-Haul Red-y,3,2,0.48927808232967773,0.5347999362849333
6/1/2025 16:35:00,Aphrodisiacs,DioNasties,0,5,0.4351767755585498,0.5331940338887075
6/1/2025 16:35:00,Thunder Cunts,Serving Cunt(ress),7,0,0.5315086205896646,0.8747959689386582
6/1/2025 16:55:00,DioNasties,Gaydes,3,2,0.466727498478095,0.2485141869758418
6/1/2025 16:55:00,ur mom,Thunder Cunts,3,3,0.47679923944179936,0.17904558222860845
6/1/2025 17:15:00,Gaydes,ur mom,1,5,0.48235920899032897,0.7546659182551095
6/1/2025 17:15:00,Serving Cunt(ress),Aphrodisiacs,5,0,0.58429173883827,0.3874252646512602
6/8/2025 16:35:00,DioNasties,Thunder Cunts,3,5,0.4721953871749244,0.2878813337002397
6/8/2025 16:35:00,ur mom,Serving Cunt(ress),6,1,0.5155536378562598,0.6753849690667356
6/8/2025 16:55:00,DioNasties,ur mom,1,5,0.4778457656935463,0.43043768812961897
6/8/2025 16:55:00,Gaydes,Aphrodisiacs,7,0,0.5816551675012052,0.7838206980689654
6/8/2025 17:15:00,Serving Cunt(ress),Gaydes,0,9,0.5021741839261797,0.2034143165525898
6/8/2025 17:15:00,Thunder Cunts,Aphrodisiacs,5,1,0.6136538564641562,0.8982169981196639
7/12/2025 8:55:00,Gridlock Boston,Empire Boston,1,6,0.48054902740806343,0.24528398502518778
7/12/2025 9:20:00,Empire Boston,Big Apple Bottoms,6,0,0.5237073609937729,0.5858648406194408
7/12/2025 10:35:00,Big Apple Bottoms,Gridlock Boston,2,4,0.4965674566704654,0.7178914268351636
7/12/2025 12:25:00,Empire Boston,Subway Surfers,3,1,0.5235058575366784,0.7037066577294454
7/20/2025 15:30:00,Drill,Tool Belt,2,3,0.4998008369170188,0.5849509281033816
7/20/2025 15:30:00,Stud Finder,Loose Screw,3,1,0.5346662620945561,0.5141704916265549
7/20/2025 15:50:00,Loose Screw,Drill,2,3,0.4954208151348317,0.43989137765503195
7/20/2025 15:50:00,Stud Finder,Tool Belt,3,2,0.5067811305073047,0.5521083746648228
7/20/2025 16:10:00,Drill,Stud Finder,3,1,0.4726451084841497,0.4687805612441104
7/20/2025 16:10:00,Tool Belt,Loose Screw,3,2,0.5295328130058425,0.5405771476363022
7/23/2025 19:00:00,GayTorade,Dark Roast Doms,0,4,0.5300058669476297,0.5047359885323415
7/23/2025 19:00:00,The Bloody Marys,Cinnamint Toast Munch,1,2,0.48344523430818914,0.6740182992682235
7/23/2025 19:20:00,Green Eggs and Sam,Jolly Green Gays,2,3,0.495765434616806,0.675952615238215
7/23/2025 19:20:00,Purple P***y Eaters,Ferociously Fruity Pebbles,2,2,0.5242283779412914,0.5382800854159371
7/23/2025 19:40:00,Cinnamint Toast Munch,Yolked & Choked,0,4,0.5101549189864589,0.552102896172805
7/23/2025 19:40:00,Dark Roast Doms,Captain Munch,3,1,0.4798133369868034,0.5889812151300295
7/23/2025 20:00:00,Ferociously Fruity Pebbles,The Bloody Marys,0,4,0.49354044051287027,0.36095174093922683
7/23/2025 20:00:00,GayTorade,Purple P***y Eaters,1,3,0.5223433421358741,0.44649176566939774
7/23/2025 20:20:00,Captain Munch,Jolly Green Gays,3,1,0.4812810397506,0.5066412980466067
7/23/2025 20:20:00,Yolked & Choked,Green Eggs and Sam,3,1,0.5046751711250855,0.4794522846203434
7/27/2025 15:30:00,Loose Screw,Tool Belt,2,4,0.4519157536783087,0.42086163993698567
7/27/2025 15:30:00,Stud Finder,Drill,3,2,0.52760101585661,0.4479547053042658
7/27/2025 15:50:00,Drill,Loose Screw,0,5,0.5281763167842654,0.6684310230979236
7/27/2025 15:50:00,Tool Belt,Stud Finder,3,2,0.4761447783484387,0.46272613005594404
7/27/2025 16:10:00,Loose Screw,Stud Finder,0,5,0.4353156727057915,0.41686887740066964
7/27/2025 16:10:00,Tool Belt,Drill,1,4,0.5348547691539085,0.580927506652443
7/30/2025 19:00:00,Cinnamint Toast Munch,Green Eggs and Sam,4,0,0.5139080817320865,0.46044989210396564
7/30/2025 19:00:00,GayTorade,Yolked & Choked,1,2,0.5155508999380272,0.36414914809211074
7/30/2025 19:20:00,Dark Roast Doms,The Bloody Marys,0,3,0.49519441239437756,0.4373464493697443
7/30/2025 19:20:00,Purple P***y Eaters,Captain Munch,0,5,0.48362482563172665,0.5649420248929041
7/30/2025 19:40:00,Jolly Green Gays,Cinnamint Toast Munch,0,5,0.513394486588599,0.37374801223138016
7/30/2025 19:40:00,Yolked & Choked,Ferociously Fruity Pebbles,3,0,0.5174140793889199,0.6380398856109236
7/30/2025 20:00:00,Captain Munch,Green Eggs and Sam,4,1,0.5117414611857531,0.5906493653773016
7/30/2025 20:00:00,The Bloody Marys,GayTorade,0,3,0.4768212308377704,0.7636057975865579
7/30/2025 20:20:00,Ferociously Fruity Pebbles,Jolly Green Gays,1,3,0.4609879908494333,0.5707651017495899
7/30/2025 20:20:00,Purple P***y Eaters,Dark Roast Doms,3,0,0.5045568795963744,0.42136969564372656
8/3/2025 15:30:00,Drill,Stud Finder,2,3,0.46333712061793053,0.45680219917627024
8/3/2025 15:30:00,Loose Screw,Tool Belt,3,2,0.4375044675560724,0.42686736400660685
8/3/2025 15:50:00,Drill,Tool Belt,1,4,0.4704374785845739,0.5447989029928247
8/3/2025 15:50:00,Stud Finder,Loose Screw,4,1,0.5544254458799196,0.6470246554021094
8/3/2025 16:10:00,Loose Screw,Drill,3,2,0.4983426027279063,0.46673564421422253
8/3/2025 16:10:00,Tool Belt,Stud Finder,5,1,0.4766542396431042,0.3804625305047092
8/6/2025 19:00:00,Jolly Green Gays,GayTorade,2,2,0.5079261899235586,0.3927909237736698
8/6/2025 19:00:00,The Bloody Marys,Captain Munch,1,2,0.483176536383352,0.5466471569874669
8/6/2025 19:20:00,Ferociously Fruity Pebbles,Cinnamint Toast Munch,1,3,0.4740098498788528,0.3343059039137091
8/6/2025 19:20:00,Purple P***y Eaters,Yolked & Choked,4,2,0.4784509543555212,0.3699419231910324
8/6/2025 19:40:00,Dark Roast Doms,Jolly Green Gays,2,3,0.4654433785289751,0.6265135379373157
8/6/2025 19:40:00,GayTorade,Green Eggs and Sam,1,3,0.5235695919171384,0.5742948837559644
8/6/2025 20:00:00,Captain Munch,Cinnamint Toast Munch,1,1,0.49551340947007727,0.5363765540943983
8/6/2025 20:00:00,The Bloody Marys,Purple P***y Eaters,1,3,0.5014142663693874,0.5523143474859862
8/6/2025 20:20:00,Green Eggs and Sam,Ferociously Fruity Pebbles,1,2,0.5076794294203807,0.5977553929125153
8/6/2025 20:20:00,Yolked & Choked,Dark Roast Doms,2,4,0.5294200711086094,0.5998372597405903
8/10/2025 15:30:00,Loose Screw,Stud Finder,3,2,0.46166319217236207,0.37880549124688806
8/10/2025 15:30:00,Tool Belt,Drill,3,2,0.5367870889146904,0.6149451169389588
8/10/2025 15:50:00,Drill,Loose Screw,3,1,0.4550475809300929,0.46639026407664863
8/10/2025 15:50:00,Stud Finder,Tool Belt,2,1,0.5027520501096368,0.4294556267951918
8/10/2025 16:10:00,Stud Finder,Drill,4,1,0.5594513044877452,0.5728108711760881
8/10/2025 16:10:00,Tool Belt,Loose Screw,2,1,0.5093561954802955,0.6361151095608347
8/10/2025 17:00:00,Better Late Than Never,Clit Bait Tourney,0,5,0.4726613121419727,0.3222610345300885
8/10/2025 17:00:00,Sizzorhood,Sticky Fingers,2,3,0.5063880079795846,0.6085736114445123
8/10/2025 17:25:00,Clit Bait Tourney,The Fantastic Flore,4,1,0.5115138813951103,0.689449246356417
8/10/2025 17:25:00,Sticky Fingers,Substantial Women,4,2,0.5134040638470195,0.49220638431017527
8/10/2025 17:50:00,Sizzorhood,Better Late Than Never,3,2,0.5045872143033117,0.6625934406022138
8/10/2025 17:50:00,Substantial Women,The Fantastic Flore,5,2,0.4996971058930562,0.5526564837930762
8/10/2025 18:15:00,Better Late Than Never,Sticky Fingers,4,1,0.4546062968694951,0.285513605182684
8/10/2025 18:15:00,Substantial Women,Clit Bait Tourney,5,2,0.4882555121143924,0.3375369692466358
8/10/2025 18:55:00,Better Late Than Never,Substantial Women,4,2,0.46926076366949027,0.34027639364116746
8/10/2025 18:55:00,The Fantastic Flore,Sizzorhood,2,3,0.49081235506256754,0.30697846719725086
8/10/2025 19:20:00,Sizzorhood,Clit Bait Tourney,5,1,0.517165869744437,0.4749617798490062
8/10/2025 19:20:00,Sticky Fingers,The Fantastic Flore,4,1,0.5277942035428026,0.6399932475455026
8/10/2025 19:45:00,Clit Bait Tourney,Sticky Fingers,4,2,0.49630679576188497,0.5122808490834311
8/10/2025 19:45:00,Substantial Women,Sizzorhood,2,5,0.47005593342214885,0.3836334081368087
8/10/2025 20:10:00,The Fantastic Flore,Better Late Than Never,5,1,0.5147622412973449,0.282167684894034
8/13/2025 19:00:00,Captain Munch,Ferociously Fruity Pebbles,4,1,0.5278080013045647,0.7215572057859294
8/13/2025 19:00:00,Jolly Green Gays,Purple P***y Eaters,3,1,0.5517735359291636,0.33367762412707386
8/13/2025 19:20:00,Cinnamint Toast Munch,GayTorade,4,0,0.4921539602586051,0.642746371583213
8/13/2025 19:20:00,Green Eggs and Sam,Dark Roast Doms,2,2,0.5168981369358178,0.3988831083015229
8/13/2025 19:40:00,Jolly Green Gays,The Bloody Marys,1,2,0.5390642728079958,0.38987407500437987
8/13/2025 19:40:00,Yolked & Choked,Captain Munch,1,3,0.49977737213446005,0.4148013185605122
8/13/2025 20:00:00,GayTorade,Ferociously Fruity Pebbles,2,2,0.5344178990133376,0.5432646963160674
8/13/2025 20:00:00,Green Eggs and Sam,Purple P***y Eaters,2,1,0.5101936020520007,0.41403058349559774
8/13/2025 20:20:00,Dark Roast Doms,Cinnamint Toast Munch,1,2,0.47157353935420077,0.4090484943949739
8/13/2025 20:20:00,Yolked & Choked,The Bloody Marys,1,4,0.5187486742408519,0.4342561236948722
8/17/2025 15:30:00,Drill,Stud Finder,2,2,0.4357324336372238,0.33211606035800906
8/17/2025 15:30:00,Loose Screw,Tool Belt,2,1,0.4912698060249793,0.3075551151014386
8/17/2025 15:50:00,Drill,Tool Belt,0,5,0.46477138230399123,0.3806186484668482
8/17/2025 15:50:00,Stud Finder,Loose Screw,3,1,0.49773167697113363,0.6560724061095786
8/17/2025 16:10:00,Loose Screw,Drill,0,3,0.5280153855392586,0.5112125976114934
8/17/2025 16:10:00,Tool Belt,Stud Finder,3,1,0.5093579577568768,0.4795023214174022
8/17/2025 17:00:00,Sticky Fingers,The Fantastic Flore,2,0,0.5252433912535042,0.5956198696224254
8/17/2025 17:00:00,Substantial Women,Better Late Than Never,2,0,0.5149160476360488,0.5936089603213587
8/17/2025 17:25:00,Sticky Fingers,Clit Bait Tourney,0,2,0.5034014031457588,0.4507548789391072
8/17/2025 17:25:00,Substantial Women,Sizzorhood,2,0,0.46815420164000676,0.38222553801123677
8/17/2025 17:50:00,Sticky Fingers,Better Late Than Never,2,0,0.5361554030838596,0.6545863081157268
8/17/2025 17:50:00,The Fantastic Flore,Sizzorhood,0,2,0.465116321851137,0.24352155681211932
8/17/2025 18:15:00,Sticky Fingers,Sizzorhood,2,0,0.4897336098811888,0.41453814994754334
8/17/2025 18:15:00,Substantial Women,Clit Bait Tourney,0,2,0.48145383598563013,0.5118955922279868
8/17/2025 18:40:00,Substantial Women,Sticky Fingers,2,0,0.477957814797804,0.4435630252960083
8/17/2025 19:05:00,Substantial Women,Clit Bait Tourney,0,2,0.48145383664717695,0.4109848874330648
8/20/2025 19:00:00,Captain Munch,GayTorade,2,2,0.5069900197196997,0.7317844713756294
8/20/2025 19:00:00,Yolked & Choked,Jolly Green Gays,2,3,0.47698443157132764,0.43203897466886027
8/20/2025 19:20:00,Cinnamint Toast Munch,The Bloody Marys,4,2,0.5189213484551807,0.47510272161962336
8/20/2025 19:20:00,Ferociously Fruity Pebbles,Purple P***y Eaters,2,2,0.5128315419860285,0.36110329101661787
8/20/2025 19:40:00,Dark Roast Doms,GayTorade,5,1,0.47152457859559643,0.5653933035935126
8/20/2025 19:40:00,Green Eggs and Sam,Yolked & Choked,3,1,0.49031456055685707,0.6085668028219725
8/20/2025 20:00:00,Jolly Green Gays,Captain Munch,3,1,0.5330906422557917,0.34881996958409406
8/20/2025 20:00:00,Purple P***y Eaters,Cinnamint Toast Munch,0,4,0.4735353954344626,0.32378894375356043
8/20/2025 20:20:00,Ferociously Fruity Pebbles,Dark Roast Doms,0,3,0.5112362581336733,0.32319279773247644
8/20/2025 20:20:00,The Bloody Marys,Green Eggs and Sam,1,1,0.5025828936114534,0.579595011012012
8/24/2025 15:30:00,Drill,Loose Screw,1,2,0.47557143960597026,0.5106373678412425
8/24/2025 15:30:00,Stud Finder,Tool Belt,2,2,0.4907490680931054,0.36740336996932255
8/24/2025 15:50:00,Stud Finder,Drill,4,1,0.5263620898828735,0.7091422370880447
8/24/2025 15:50:00,Tool Belt,Loose Screw,3,2,0.503117715841212,0.7662650074022332
8/24/2025 16:10:00,Loose Screw,Stud Finder,2,2,0.4916613652462686,0.2966875772936896
8/24/2025 16:10:00,Tool Belt,Drill,3,2,0.5414535310996539,0.8246951924194122
8/27/2025 19:00:00,Green Eggs and Sam,GayTorade,0,2,0.482817958368812,0.6369360068220875
8/27/2025 19:00:00,Yolked & Choked,Ferociously Fruity Pebbles,2,0,0.5083152125706412,0.5317669355216018
8/27/2025 19:20:00,Dark Roast Doms,Purple P***y Eaters,0,2,0.49707367933829466,0.6413209789134633
8/27/2025 19:20:00,Jolly Green Gays,The Bloody Marys,2,0,0.5498181006780197,0.44549359531834287
8/27/2025 19:40:00,Captain Munch,Yolked & Choked,0,2,0.5140476799648428,0.6584856678675781
8/27/2025 19:40:00,Cinnamint Toast Munch,GayTorade,2,0,0.5035630638739945,0.695888363455266
8/27/2025 20:00:00,Dark Roast Doms,Ferociously Fruity Pebbles,2,0,0.4903477513922025,0.6992665851753276
8/27/2025 20:00:00,Green Eggs and Sam,The Bloody Marys,2,0,0.49905133281100983,0.4157120075334512
8/27/2025 20:20:00,Cinnamint Toast Munch,Purple P***y Eaters,0,2,0.5278110322701034,0.70254968113235
8/27/2025 20:20:00,Yolked & Choked,Jolly Green Gays,2,0,0.45685646356437026,0.41013913495433785
8/27/2025 20:40:00,Green Eggs and Sam,Dark Roast Doms,2,0,0.5100345072461984,0.5012386255321442
8/27/2025 20:40:00,Purple P***y Eaters,Yolked & Choked,2,0,0.48521239334704536,0.5071200730443521
8/29/2025 12:03:00,Gridlock Nola,Empire Nola,1,3,0.4381251217675114,0.1604365813942468
9/7/2025 15:30:00,Stud Finder,Loose Screw,3,1,0.5033215183537461,0.7055822267294054
9/7/2025 15:30:00,Tool Belt,Drill,2,3,0.5574649422559298,0.758920020707156
9/7/2025 15:50:00,Loose Screw,Tool Belt,3,2,0.47947259046150775,0.2801061259286934
9/7/2025 15:50:00,Stud Finder,Drill,5,0,0.515398370681839,0.6929501666955915
9/7/2025 16:10:00,Loose Screw,Drill,2,0,0.5257895416196939,0.5322587641576344
9/7/2025 16:30:00,Stud Finder,Loose Screw,2,0,0.48884701401152597,0.7023827264615976
10/12/2025 15:30:00,Gengar,Charmander,5,1,0.5367991911549909,0.7660714923937166
10/12/2025 15:30:00,Lickitung,Articuno,2,3,0.4910533194618996,0.4440601150451661
10/12/2025 15:50:00,Cubone,Gengar,1,4,0.4773110657886554,0.26280372393494783
10/12/2025 16:10:00,Charmander,Articuno,2,4,0.47935688273878585,0.4116178390784893
10/12/2025 16:10:00,Lickitung,Cubone,3,3,0.46660687937994333,0.39656397960211365
10/19/2025 15:30:00,Charmander,Cubone,3,2,0.49520567606466737,0.391573542004512
10/19/2025 15:30:00,Gengar,Lickitung,3,2,0.5465363196288378,0.8465230991539907
10/19/2025 15:50:00,Cubone,Articuno,2,3,0.46967291244487064,0.3838278363723792
10/19/2025 16:10:00,Articuno,Gengar,1,4,0.48770156641975637,0.27434535564169726
10/19/2025 16:10:00,Lickitung,Charmander,3,3,0.4645604772271532,0.4654161873492846
10/26/2025 15:30:00,Articuno,Lickitung,3,3,0.5483081068339322,0.6591242766627329
10/26/2025 15:30:00,Gengar,Cubone,2,5,0.5701049388822872,0.8628375205898225
10/26/2025 15:50:00,Articuno,Charmander,3,4,0.5182909317366884,0.6196327205433082
10/26/2025 16:10:00,Charmander,Gengar,5,1,0.48643174906746267,0.2398253001709988
10/26/2025 16:10:00,Cubone,Lickitung,2,3,0.4756799482212566,0.6230275764548457
10/29/2025 19:00:00,Cunt Dracula,Count Von Cunt,1,2,0.4799994385703666,0.3072677830404596
10/29/2025 19:00:00,Howlsexuals,Dykeness Monsters,5,1,0.5010860276814688,0.35885729183488185
10/29/2025 19:20:00,And They Were Broomates,Hump Her Stiltskin,1,2,0.481713150579469,0.4202750898808122
10/29/2025 19:20:00,Peach Gobblers,Fearmint,3,3,0.45167758786190637,0.5691271674009342
10/29/2025 19:40:00,Count Von Cunt,Yeti Set Go,2,2,0.5203475847897847,0.7751265955002782
10/29/2025 19:40:00,Dykeness Monsters,Ghouls Gone Wild,1,6,0.4979885546684189,0.5700456238301883
10/29/2025 20:00:00,Fearmint,And They Were Broomates,2,1,0.5278722805633902,0.44497491635590664
10/29/2025 20:00:00,Howlsexuals,Cunt Dracula,4,1,0.5108272269485511,0.5134682235658498
10/29/2025 20:20:00,Ghouls Gone Wild,Hump Her Stiltskin,2,3,0.4950274641429754,0.3899496137091327
10/29/2025 20:20:00,Yeti Set Go,Peach Gobblers,3,2,0.5010640454105277,0.4307524867800641
11/2/2025 15:30:00,Charmander,Lickitung,5,1,0.5214092310599031,0.6257810010586506
11/2/2025 15:30:00,Gengar,Articuno,5,0,0.5487490531980409,0.6106485946981834
11/2/2025 15:50:00,Cubone,Charmander,2,5,0.43227691164136867,0.3627165162452868
11/2/2025 16:10:00,Cubone,Articuno,5,1,0.46967312973837333,0.47976098526999233
11/2/2025 16:10:00,Lickitung,Gengar,2,3,0.4649162222438577,0.23289835094912004
11/5/2025 19:00:00,Ghouls Gone Wild,And They Were Broomates,1,4,0.5065408330203188,0.4930740399146364
11/5/2025 19:00:00,Hump Her Stiltskin,Peach Gobblers,1,2,0.534149283233119,0.6371834290343598
11/5/2025 19:20:00,Dykeness Monsters,Yeti Set Go,2,3,0.4878385129962348,0.4897382910026076
11/5/2025 19:20:00,Howlsexuals,Fearmint,4,1,0.48403232963052,0.5793155885584877
11/5/2025 19:40:00,Count Von Cunt,Hump Her Stiltskin,0,4,0.48508481449287516,0.6473218251018688
11/5/2025 19:40:00,Cunt Dracula,Ghouls Gone Wild,1,4,0.5001218108447401,0.5382140080116485
11/5/2025 20:00:00,Peach Gobblers,And They Were Broomates,3,1,0.5018524073235509,0.4654615346608785
11/5/2025 20:00:00,Yeti Set Go,Howlsexuals,0,4,0.5250228877012484,0.3944833279219796
11/5/2025 20:20:00,Cunt Dracula,Dykeness Monsters,4,1,0.502889126292242,0.4871306496321021
11/5/2025 20:20:00,Fearmint,Count Von Cunt,3,1,0.5117969867189451,0.29906489454374613
11/8/2025 9:00:00,Clit Bait Charity,Wetness Protection Program,1,3,0.4892838805440227,0.3434973856966071
11/8/2025 9:00:00,Gridlock Charity,Itty Bitty Char(titty) Committee,2,1,0.5392036918773605,0.5893488593803264
11/8/2025 9:20:00,Mixed Bag,Service Tops,0,2,0.49612477356478546,0.41288162529453365
11/8/2025 9:20:00,Wetness Protection Program,Gridlock Charity,3,0,0.4901371540974534,0.8338169973096844
11/8/2025 9:40:00,Clit Bait Charity,Mixed Bag,3,0,0.5328564202566732,0.7494049176181146
11/8/2025 9:40:00,Service Tops,Itty Bitty Char(titty) Committee,3,0,0.4886500004717723,0.7169617603722023
11/8/2025 10:00:00,Itty Bitty Char(titty) Committee,Clit Bait Charity,2,2,0.48069861726251056,0.17869555085970149
11/8/2025 10:00:00,Mixed Bag,Wetness Protection Program,0,5,0.4557921714813198,0.09570326215349571
11/8/2025 10:20:00,Gridlock Charity,Service Tops,2,1,0.5499545444635111,0.357133790540701
11/8/2025 10:20:00,Wetness Protection Program,Itty Bitty Char(titty) Committee,2,0,0.5255685050721731,0.9146372626004714
11/8/2025 10:40:00,Clit Bait Charity,Service Tops,3,1,0.5242368865040485,0.6038440201175618
11/8/2025 10:40:00,Mixed Bag,Gridlock Charity,0,3,0.44581331319544776,0.32704340770841267
11/8/2025 11:00:00,Itty Bitty Char(titty) Committee,Mixed Bag,2,1,0.5205419158954658,0.534919833232435
11/8/2025 11:00:00,Service Tops,Wetness Protection Program,0,4,0.4585087159303416,0.15814274368221334
11/8/2025 11:20:00,Gridlock Charity,Clit Bait Charity,2,2,0.5276084529108608,0.34986184817698457
11/8/2025 11:50:00,Clit Bait Charity,Mixed Bag,2,0,0.5365201888940421,0.8583890998038166
11/8/2025 11:50:00,Service Tops,Itty Bitty Char(titty) Committee,1,2,0.48107359896014124,0.6337337483660368
11/8/2025 12:10:00,Gridlock Charity,Clit Bait Charity,0,2,0.5117754444834225,0.3456023235111994
11/8/2025 12:10:00,Wetness Protection Program,Itty Bitty Char(titty) Committee,2,0,0.5224698902225413,0.8918987635232328
11/8/2025 12:30:00,Wetness Protection Program,Clit Bait Charity,3,1,0.5083542364778735,0.6712870545468858
