number,value,datetime_start,datetime_complete,duration,params_beta,params_sigma,state
0,0.6910323282851291,2025-11-14 22:59:10.168819,2025-11-14 22:59:10.433414,0 days 00:00:00.264595,209.30610504955965,247.87986259472308,COMPLETE
1,0.6883332930394921,2025-11-14 22:59:10.433545,2025-11-14 22:59:10.701009,0 days 00:00:00.267464,248.4860600913046,309.4319347517786,COMPLETE
2,0.6875216472658864,2025-11-14 22:59:10.701205,2025-11-14 22:59:10.970272,0 days 00:00:00.269067,125.422225267834,394.9939520297009,COMPLETE
3,0.6896157584653924,2025-11-14 22:59:10.970388,2025-11-14 22:59:11.245379,0 days 00:00:00.274991,252.44932260840463,269.11606378577414,COMPLETE
4,0.6830591658916917,2025-11-14 22:59:11.245494,2025-11-14 22:59:11.514873,0 days 00:00:00.269379,270.22383233810274,439.5348384209263,COMPLETE
5,0.6903757462350525,2025-11-14 22:59:11.514989,2025-11-14 22:59:11.788145,0 days 00:00:00.273156,180.2388301256301,289.4543174894667,COMPLETE
6,0.6864040357778424,2025-11-14 22:59:11.788254,2025-11-14 22:59:12.061940,0 days 00:00:00.273686,231.04848647589606,370.86573379303405,COMPLETE
7,0.6900061492069691,2025-11-14 22:59:12.062041,2025-11-14 22:59:12.331402,0 days 00:00:00.269361,194.68708465574997,292.56268869759873,COMPLETE
8,0.6909470180750278,2025-11-14 22:59:12.331514,2025-11-14 22:59:12.609042,0 days 00:00:00.277528,63.30442790176374,325.7707913269524,COMPLETE
9,0.6847246604101318,2025-11-14 22:59:12.609156,2025-11-14 22:59:12.883123,0 days 00:00:00.273967,271.833885752668,393.2066554030935,COMPLETE
10,0.682636872349774,2025-11-14 22:59:12.883233,2025-11-14 22:59:13.157940,0 days 00:00:00.274707,292.9006698000836,440.03938061412254,COMPLETE
11,0.6822548616587691,2025-11-14 22:59:13.158053,2025-11-14 22:59:13.430990,0 days 00:00:00.272937,296.0723185810331,449.5225047643307,COMPLETE
12,0.6822819994775181,2025-11-14 22:59:13.431102,2025-11-14 22:59:13.706904,0 days 00:00:00.275802,296.15911901761746,448.68579290567334,COMPLETE
13,0.6925149793183144,2025-11-14 22:59:13.707014,2025-11-14 22:59:13.986690,0 days 00:00:00.279676,148.36282862496878,214.02099850201358,COMPLETE
14,0.6823364733385799,2025-11-14 22:59:13.986803,2025-11-14 22:59:14.269307,0 days 00:00:00.282504,297.51786296771576,446.4182988858036,COMPLETE
15,0.6857549589472258,2025-11-14 22:59:14.269410,2025-11-14 22:59:14.557311,0 days 00:00:00.287901,297.6997505580309,352.09108592608396,COMPLETE
16,0.6849196827137964,2025-11-14 22:59:14.557430,2025-11-14 22:59:14.841107,0 days 00:00:00.283677,226.117976103471,412.01021163112364,COMPLETE
17,0.6864407311942707,2025-11-14 22:59:14.841224,2025-11-14 22:59:15.119115,0 days 00:00:00.277891,151.37099119135033,410.2987186407115,COMPLETE
18,0.6898799820959142,2025-11-14 22:59:15.119224,2025-11-14 22:59:15.395396,0 days 00:00:00.276172,89.91265233271481,348.3037835627448,COMPLETE
19,0.6839148358385685,2025-11-14 22:59:15.395503,2025-11-14 22:59:15.698112,0 days 00:00:00.302609,266.9988130081361,417.5507981676866,COMPLETE
20,0.686390674281487,2025-11-14 22:59:15.698233,2025-11-14 22:59:15.978980,0 days 00:00:00.280747,223.0318548229253,375.5403372838034,COMPLETE
21,0.682477000938349,2025-11-14 22:59:15.979095,2025-11-14 22:59:16.259457,0 days 00:00:00.280362,285.60610493497904,448.31556601238935,COMPLETE
22,0.6829465367181413,2025-11-14 22:59:16.259561,2025-11-14 22:59:16.536783,0 days 00:00:00.277222,299.74022324636024,427.7795745045405,COMPLETE
23,0.6831992097753965,2025-11-14 22:59:16.536898,2025-11-14 22:59:16.838788,0 days 00:00:00.301890,247.33924336037023,447.3236702035118,COMPLETE
24,0.6845115837766687,2025-11-14 22:59:16.838910,2025-11-14 22:59:17.117922,0 days 00:00:00.279012,275.6239755404912,396.94168980060124,COMPLETE
25,0.6836027223345603,2025-11-14 22:59:17.118034,2025-11-14 22:59:17.394134,0 days 00:00:00.276100,264.5370762063454,427.35345661707345,COMPLETE
26,0.686063283400919,2025-11-14 22:59:17.394241,2025-11-14 22:59:17.671974,0 days 00:00:00.277733,244.0418965648949,372.69798928391674,COMPLETE
27,0.6832957861865085,2025-11-14 22:59:17.672080,2025-11-14 22:59:17.950761,0 days 00:00:00.278681,280.3560197554177,427.7432007863252,COMPLETE
28,0.6855576025873485,2025-11-14 22:59:17.950868,2025-11-14 22:59:18.227333,0 days 00:00:00.276465,209.5160213493018,404.08236915125974,COMPLETE
29,0.6906226368494208,2025-11-14 22:59:18.227438,2025-11-14 22:59:18.507690,0 days 00:00:00.280252,285.9875639814277,213.6258168542931,COMPLETE
30,0.6852852774044257,2025-11-14 22:59:18.507806,2025-11-14 22:59:18.791502,0 days 00:00:00.283696,260.2087527535619,384.4456988092691,COMPLETE
31,0.6826648957793847,2025-11-14 22:59:18.791632,2025-11-14 22:59:19.071601,0 days 00:00:00.279969,282.28888899000805,444.5843936060415,COMPLETE
32,0.6822367729168278,2025-11-14 22:59:19.071711,2025-11-14 22:59:19.347177,0 days 00:00:00.275466,298.97657864102376,448.6037617384243,COMPLETE
33,0.6829537393063119,2025-11-14 22:59:19.347289,2025-11-14 22:59:19.628097,0 days 00:00:00.280808,293.39471575502154,430.7548886613942,COMPLETE
34,0.6844043952792783,2025-11-14 22:59:19.628208,2025-11-14 22:59:19.907446,0 days 00:00:00.279238,239.58760150266136,418.60069716008127,COMPLETE
35,0.6905270506215692,2025-11-14 22:59:19.907558,2025-11-14 22:59:20.184009,0 days 00:00:00.276451,254.43851429490113,237.0609200552227,COMPLETE
36,0.6822630773563906,2025-11-14 22:59:20.184111,2025-11-14 22:59:20.465072,0 days 00:00:00.280961,298.87310217862,447.8854592184348,COMPLETE
37,0.6835999274699676,2025-11-14 22:59:20.465186,2025-11-14 22:59:20.744613,0 days 00:00:00.279427,258.40268850227835,430.58803686618535,COMPLETE
38,0.6842580164254889,2025-11-14 22:59:20.744727,2025-11-14 22:59:21.026519,0 days 00:00:00.281792,276.3848524771153,403.3843278787241,COMPLETE
39,0.6889346170375067,2025-11-14 22:59:21.026704,2025-11-14 22:59:21.305515,0 days 00:00:00.278811,154.49318157337248,345.46086095454797,COMPLETE
40,0.6921084435858678,2025-11-14 22:59:21.305628,2025-11-14 22:59:21.586878,0 days 00:00:00.281250,107.0682085438265,263.1878597067926,COMPLETE
41,0.6826784010692216,2025-11-14 22:59:21.587005,2025-11-14 22:59:21.869093,0 days 00:00:00.282088,295.0125403968105,437.7890237298195,COMPLETE
42,0.6825791390646053,2025-11-14 22:59:21.869204,2025-11-14 22:59:22.144972,0 days 00:00:00.275768,285.59648808932116,445.37475721323966,COMPLETE
43,0.6822066747814347,2025-11-14 22:59:22.145072,2025-11-14 22:59:22.423986,0 days 00:00:00.278914,299.2639337674929,449.34283411249584,COMPLETE
44,0.6837988528108405,2025-11-14 22:59:22.424101,2025-11-14 22:59:22.779112,0 days 00:00:00.355011,270.1736345663345,419.0754439611235,COMPLETE
45,0.6848898786727288,2025-11-14 22:59:22.779222,2025-11-14 22:59:23.063007,0 days 00:00:00.283785,179.9881853152579,435.9137985435879,COMPLETE
46,0.6871188044761528,2025-11-14 22:59:23.063110,2025-11-14 22:59:23.341453,0 days 00:00:00.278343,299.1886082302741,314.4033947643351,COMPLETE
47,0.6847799764094757,2025-11-14 22:59:23.341569,2025-11-14 22:59:23.622722,0 days 00:00:00.281153,282.74730298027544,386.02285477325955,COMPLETE
48,0.6826589306311301,2025-11-14 22:59:23.622837,2025-11-14 22:59:23.904649,0 days 00:00:00.281812,272.02328681506697,449.9633754000809,COMPLETE
49,0.6845018136611445,2025-11-14 22:59:23.904752,2025-11-14 22:59:24.186561,0 days 00:00:00.281809,237.33506103387361,417.1836276848741,COMPLETE
50,0.6855763444280568,2025-11-14 22:59:24.186680,2025-11-14 22:59:24.465680,0 days 00:00:00.279000,288.80205229326447,361.54232471549756,COMPLETE
51,0.6825692300687343,2025-11-14 22:59:24.465797,2025-11-14 22:59:24.747632,0 days 00:00:00.281835,298.1413059840613,439.36278812352214,COMPLETE
52,0.6832740218891801,2025-11-14 22:59:24.747742,2025-11-14 22:59:25.029081,0 days 00:00:00.281339,288.795126195373,424.06308225529494,COMPLETE
53,0.682751606071191,2025-11-14 22:59:25.029193,2025-11-14 22:59:25.306205,0 days 00:00:00.277012,267.51822604850713,449.6111777307898,COMPLETE
54,0.6840805470792791,2025-11-14 22:59:25.306314,2025-11-14 22:59:25.587628,0 days 00:00:00.281314,277.17424378747774,407.78711248375583,COMPLETE
55,0.6826993744165183,2025-11-14 22:59:25.587742,2025-11-14 22:59:25.870948,0 days 00:00:00.283206,299.584757912489,434.902868664711,COMPLETE
56,0.6834390582752101,2025-11-14 22:59:25.871062,2025-11-14 22:59:26.152129,0 days 00:00:00.281067,251.56239333543573,438.5257042943052,COMPLETE
57,0.6832079690617373,2025-11-14 22:59:26.152242,2025-11-14 22:59:26.434049,0 days 00:00:00.281807,291.03280906319947,424.7807133689604,COMPLETE
58,0.6841172397028596,2025-11-14 22:59:26.434163,2025-11-14 22:59:26.716730,0 days 00:00:00.282567,262.10307501686475,414.59890511885675,COMPLETE
59,0.6845409938909063,2025-11-14 22:59:26.716841,2025-11-14 22:59:27.000289,0 days 00:00:00.283448,278.7583456526508,394.51984656835066,COMPLETE
60,0.6848422038742203,2025-11-14 22:59:27.000409,2025-11-14 22:59:27.280481,0 days 00:00:00.280072,172.18229659162523,440.84321055435214,COMPLETE
61,0.6824259092199244,2025-11-14 22:59:27.280599,2025-11-14 22:59:27.565867,0 days 00:00:00.285268,287.02678501793844,449.07863860969826,COMPLETE
62,0.6830185298840512,2025-11-14 22:59:27.565975,2025-11-14 22:59:27.847922,0 days 00:00:00.281947,289.4823792952441,430.8933916062534,COMPLETE
63,0.6821792871199137,2025-11-14 22:59:27.848033,2025-11-14 22:59:28.126656,0 days 00:00:00.278623,299.7120895349498,449.9237118320281,COMPLETE
64,0.6880612528980283,2025-11-14 22:59:28.126772,2025-11-14 22:59:28.408778,0 days 00:00:00.282006,299.45314509811215,287.92387628955714,COMPLETE
65,0.6828465043917876,2025-11-14 22:59:28.408889,2025-11-14 22:59:28.693994,0 days 00:00:00.285105,275.809990135052,442.6930745377781,COMPLETE
66,0.6832705157024146,2025-11-14 22:59:28.694111,2025-11-14 22:59:28.978904,0 days 00:00:00.284793,292.58623848917193,422.24471351946346,COMPLETE
67,0.683332224463269,2025-11-14 22:59:28.979013,2025-11-14 22:59:29.257960,0 days 00:00:00.278947,269.07929363522146,432.49300273490627,COMPLETE
68,0.687803783726974,2025-11-14 22:59:29.258073,2025-11-14 22:59:29.541675,0 days 00:00:00.283602,70.71322296171162,408.2598480431334,COMPLETE
69,0.6828980273112636,2025-11-14 22:59:29.541788,2025-11-14 22:59:29.825029,0 days 00:00:00.283241,281.412926115619,438.3861119379296,COMPLETE
70,0.6828842164855528,2025-11-14 22:59:29.825148,2025-11-14 22:59:30.110224,0 days 00:00:00.285076,259.8195579601211,449.7759513821993,COMPLETE
71,0.6825439599170704,2025-11-14 22:59:30.110340,2025-11-14 22:59:30.392518,0 days 00:00:00.282178,291.0991647957584,443.6173637063405,COMPLETE
72,0.6837832231503358,2025-11-14 22:59:30.392624,2025-11-14 22:59:30.675275,0 days 00:00:00.282651,211.04605261675607,449.73541760109504,COMPLETE
73,0.6830519488419271,2025-11-14 22:59:30.675389,2025-11-14 22:59:30.958879,0 days 00:00:00.283490,285.7124985049924,431.85694289962015,COMPLETE
74,0.6863707173888828,2025-11-14 22:59:30.958989,2025-11-14 22:59:31.238311,0 days 00:00:00.279322,127.48398744739431,422.46469354534247,COMPLETE
75,0.6825834528926101,2025-11-14 22:59:31.238423,2025-11-14 22:59:31.521471,0 days 00:00:00.283048,293.45780274562776,441.29583212730694,COMPLETE
76,0.686543061450646,2025-11-14 22:59:31.521581,2025-11-14 22:59:31.803628,0 days 00:00:00.282047,282.97405468141744,338.7912608352605,COMPLETE
77,0.6843684273909143,2025-11-14 22:59:31.803735,2025-11-14 22:59:32.080890,0 days 00:00:00.277155,273.6981458282073,401.7973585073963,COMPLETE
78,0.6828610412579277,2025-11-14 22:59:32.081000,2025-11-14 22:59:32.363811,0 days 00:00:00.282811,299.90673932630943,430.12547267196845,COMPLETE
79,0.6916203113434637,2025-11-14 22:59:32.363922,2025-11-14 22:59:32.646590,0 days 00:00:00.282668,199.62802904348263,229.52772701865865,COMPLETE
80,0.6826230049671856,2025-11-14 22:59:32.646697,2025-11-14 22:59:32.925665,0 days 00:00:00.278968,285.50829062613565,444.15856851685646,COMPLETE
81,0.6827165341182722,2025-11-14 22:59:32.925785,2025-11-14 22:59:33.209093,0 days 00:00:00.283308,294.4335435052816,436.98690063949766,COMPLETE
82,0.6827132181681512,2025-11-14 22:59:33.209213,2025-11-14 22:59:33.492867,0 days 00:00:00.283654,278.7613036810856,444.98930630333444,COMPLETE
83,0.6823829826251625,2025-11-14 22:59:33.492979,2025-11-14 22:59:33.775665,0 days 00:00:00.282686,287.7402633334952,449.9651178123867,COMPLETE
84,0.6831251042316433,2025-11-14 22:59:33.775770,2025-11-14 22:59:34.056130,0 days 00:00:00.280360,293.6337234487266,425.79676231852227,COMPLETE
85,0.682370601045106,2025-11-14 22:59:34.056241,2025-11-14 22:59:34.340658,0 days 00:00:00.284417,288.44717806110725,449.9692672620711,COMPLETE
86,0.6833066341556445,2025-11-14 22:59:34.340773,2025-11-14 22:59:34.625774,0 days 00:00:00.285001,266.07437989486925,434.74377538648,COMPLETE
87,0.6911550595549147,2025-11-14 22:59:34.625897,2025-11-14 22:59:34.906065,0 days 00:00:00.280168,272.570116441875,200.5378430130493,COMPLETE
88,0.6837137133869858,2025-11-14 22:59:34.906176,2025-11-14 22:59:35.190439,0 days 00:00:00.284263,280.5624668855021,416.06919755508505,COMPLETE
89,0.6826209508675316,2025-11-14 22:59:35.190554,2025-11-14 22:59:35.476815,0 days 00:00:00.286261,292.9646602248699,440.46463866334005,COMPLETE
90,0.6831807106819286,2025-11-14 22:59:35.476934,2025-11-14 22:59:35.761183,0 days 00:00:00.284249,286.6885597165209,427.74283190318386,COMPLETE
91,0.6823554891959634,2025-11-14 22:59:35.761304,2025-11-14 22:59:36.046425,0 days 00:00:00.285121,299.4294791030608,444.91184719560863,COMPLETE
92,0.6824294847981521,2025-11-14 22:59:36.046546,2025-11-14 22:59:36.358062,0 days 00:00:00.311516,295.5089294375695,444.71769909359045,COMPLETE
93,0.6826626882884458,2025-11-14 22:59:36.358169,2025-11-14 22:59:36.648837,0 days 00:00:00.290668,299.9138363396835,435.7910043303093,COMPLETE
94,0.6824839104096933,2025-11-14 22:59:36.648944,2025-11-14 22:59:36.928964,0 days 00:00:00.280020,281.99271289368414,449.94034392410447,COMPLETE
95,0.6825874019620659,2025-11-14 22:59:36.929075,2025-11-14 22:59:37.216232,0 days 00:00:00.287157,289.1469798842538,443.34772611094354,COMPLETE
96,0.682784093474505,2025-11-14 22:59:37.216350,2025-11-14 22:59:37.499505,0 days 00:00:00.283155,296.4194267050286,434.061278702613,COMPLETE
97,0.6829698495291796,2025-11-14 22:59:37.499614,2025-11-14 22:59:37.778807,0 days 00:00:00.279193,273.99054615307557,440.12848742655467,COMPLETE
98,0.6833340172318293,2025-11-14 22:59:37.778911,2025-11-14 22:59:38.062111,0 days 00:00:00.283200,289.42649621952205,422.067850736287,COMPLETE
99,0.6843251009951464,2025-11-14 22:59:38.062228,2025-11-14 22:59:38.344583,0 days 00:00:00.282355,256.6218379266063,411.85523908905964,COMPLETE
100,0.6835379482388775,2025-11-14 22:59:38.344688,2025-11-14 22:59:38.629073,0 days 00:00:00.284385,264.5852403310189,429.1102235296773,COMPLETE
101,0.6824382879047247,2025-11-14 22:59:38.629185,2025-11-14 22:59:38.907660,0 days 00:00:00.278475,284.9373771458861,449.7731093099836,COMPLETE
102,0.6823901729356565,2025-11-14 22:59:38.907771,2025-11-14 22:59:39.189966,0 days 00:00:00.282195,295.23061075908936,445.99808475284374,COMPLETE
103,0.682476765723329,2025-11-14 22:59:39.190074,2025-11-14 22:59:39.473038,0 days 00:00:00.282964,295.72440739757656,443.2402262395921,COMPLETE
104,0.6828443343850238,2025-11-14 22:59:39.473143,2025-11-14 22:59:39.753582,0 days 00:00:00.280439,289.0458058918689,436.04982702031975,COMPLETE
105,0.6827400671998087,2025-11-14 22:59:39.753695,2025-11-14 22:59:40.038193,0 days 00:00:00.284498,277.17141657630873,445.0297091344773,COMPLETE
106,0.682825996575035,2025-11-14 22:59:40.038311,2025-11-14 22:59:40.324639,0 days 00:00:00.286328,296.47074936753137,432.8406855618445,COMPLETE
107,0.6825475527451206,2025-11-14 22:59:40.324748,2025-11-14 22:59:40.633574,0 days 00:00:00.308826,299.75255621048535,439.18463260192317,COMPLETE
108,0.6879325932172914,2025-11-14 22:59:40.633686,2025-11-14 22:59:40.916753,0 days 00:00:00.283067,282.49312899919374,301.03341700081586,COMPLETE
109,0.6833794266849464,2025-11-14 22:59:40.916862,2025-11-14 22:59:41.200633,0 days 00:00:00.283771,291.702028733062,419.6502189760142,COMPLETE
110,0.6826857916975686,2025-11-14 22:59:41.200749,2025-11-14 22:59:41.479737,0 days 00:00:00.278988,278.8624274545382,445.7219845429707,COMPLETE
111,0.6825079913273987,2025-11-14 22:59:41.479843,2025-11-14 22:59:41.765519,0 days 00:00:00.285676,287.64356727492526,446.3933531331998,COMPLETE
112,0.6831111103806815,2025-11-14 22:59:41.765649,2025-11-14 22:59:42.051014,0 days 00:00:00.285365,292.41502968427716,426.80434519823916,COMPLETE
113,0.6824510121342952,2025-11-14 22:59:42.051125,2025-11-14 22:59:42.334515,0 days 00:00:00.283390,285.0116363211431,449.36721797087597,COMPLETE
114,0.6831206341446883,2025-11-14 22:59:42.334630,2025-11-14 22:59:42.618230,0 days 00:00:00.283600,269.30186649140995,438.28137711875155,COMPLETE
115,0.682525814077084,2025-11-14 22:59:42.618345,2025-11-14 22:59:42.903099,0 days 00:00:00.284754,297.12194978379785,441.1240681873206,COMPLETE
116,0.68297586354146,2025-11-14 22:59:42.903217,2025-11-14 22:59:43.193965,0 days 00:00:00.290748,289.24232902975575,432.2203177252761,COMPLETE
117,0.6823018230972124,2025-11-14 22:59:43.194088,2025-11-14 22:59:43.476154,0 days 00:00:00.282066,292.9190598775617,449.7276267619821,COMPLETE
118,0.682444232674106,2025-11-14 22:59:43.476264,2025-11-14 22:59:43.765049,0 days 00:00:00.288785,294.82932020031944,444.63006171148254,COMPLETE
119,0.6824949974121018,2025-11-14 22:59:43.765170,2025-11-14 22:59:44.056224,0 days 00:00:00.291054,281.3320188281192,449.95418884353916,COMPLETE
120,0.6826671661047634,2025-11-14 22:59:44.056340,2025-11-14 22:59:44.345980,0 days 00:00:00.289640,299.57862633438333,435.8295467223535,COMPLETE
121,0.6889226277600501,2025-11-14 22:59:44.346090,2025-11-14 22:59:44.626706,0 days 00:00:00.280616,291.2582919465801,267.27119988015346,COMPLETE
122,0.6827110434237841,2025-11-14 22:59:44.626838,2025-11-14 22:59:44.916607,0 days 00:00:00.289769,286.3465420050544,441.21282423448855,COMPLETE
123,0.6827050161117841,2025-11-14 22:59:44.916720,2025-11-14 22:59:45.203235,0 days 00:00:00.286515,274.2448500668722,447.51672653956854,COMPLETE
124,0.6843751281083659,2025-11-14 22:59:45.203344,2025-11-14 22:59:45.509033,0 days 00:00:00.305689,220.36313916003894,429.27200968180676,COMPLETE
125,0.682662950520661,2025-11-14 22:59:45.509150,2025-11-14 22:59:45.796093,0 days 00:00:00.286943,294.6427881223246,438.41735419954693,COMPLETE
126,0.6826462456003755,2025-11-14 22:59:45.796215,2025-11-14 22:59:46.083149,0 days 00:00:00.286934,283.2550006525249,444.6301746217952,COMPLETE
127,0.6867064349420378,2025-11-14 22:59:46.083261,2025-11-14 22:59:46.365239,0 days 00:00:00.281978,290.7708612076608,330.1694540478543,COMPLETE
128,0.6827181346367688,2025-11-14 22:59:46.365347,2025-11-14 22:59:46.652607,0 days 00:00:00.287260,299.95298482819334,434.1819271980985,COMPLETE
129,0.6832828526450853,2025-11-14 22:59:46.652724,2025-11-14 22:59:46.940743,0 days 00:00:00.288019,285.4137620852895,425.5310329221728,COMPLETE
130,0.6828411561499141,2025-11-14 22:59:46.940854,2025-11-14 22:59:47.227704,0 days 00:00:00.286850,279.20570202704107,441.11968142820217,COMPLETE
131,0.682419951671734,2025-11-14 22:59:47.227837,2025-11-14 22:59:47.520009,0 days 00:00:00.292172,294.9712249356344,445.26315922372856,COMPLETE
132,0.6854527573282033,2025-11-14 22:59:47.520135,2025-11-14 22:59:47.805996,0 days 00:00:00.285861,294.0292185573052,362.11039806535905,COMPLETE
133,0.68521325133632,2025-11-14 22:59:47.806110,2025-11-14 22:59:48.088800,0 days 00:00:00.282690,131.8621446126396,449.35259841019433,COMPLETE
134,0.6825248959862614,2025-11-14 22:59:48.088914,2025-11-14 22:59:48.377373,0 days 00:00:00.288459,288.52462211572845,445.4618274093446,COMPLETE
135,0.6827138629043952,2025-11-14 22:59:48.377491,2025-11-14 22:59:48.665898,0 days 00:00:00.288407,293.60278271297955,437.4799887809301,COMPLETE
136,0.6821923831327367,2025-11-14 22:59:48.666019,2025-11-14 22:59:48.952167,0 days 00:00:00.286148,299.9716331012638,449.4100968640307,COMPLETE
137,0.682434701597837,2025-11-14 22:59:48.952283,2025-11-14 22:59:49.243620,0 days 00:00:00.291337,299.02674421594764,442.8106192880167,COMPLETE
138,0.6854049952597576,2025-11-14 22:59:49.243751,2025-11-14 22:59:49.532619,0 days 00:00:00.288868,159.60604636228376,432.38810197595495,COMPLETE
139,0.6825890018425775,2025-11-14 22:59:49.532736,2025-11-14 22:59:49.818136,0 days 00:00:00.285400,295.36820176773415,440.1791242582746,COMPLETE
140,0.6824702107597299,2025-11-14 22:59:49.818246,2025-11-14 22:59:50.103400,0 days 00:00:00.285154,291.0073132850216,445.79369412863616,COMPLETE
141,0.6821812639045801,2025-11-14 22:59:50.103515,2025-11-14 22:59:50.390609,0 days 00:00:00.287094,299.63877280048985,449.9021236156235,COMPLETE
142,0.6821900070811809,2025-11-14 22:59:50.390724,2025-11-14 22:59:50.675611,0 days 00:00:00.284887,299.6775069122274,449.62613460398836,COMPLETE
143,0.682210514079071,2025-11-14 22:59:50.675723,2025-11-14 22:59:50.961842,0 days 00:00:00.286119,298.93434996909815,449.3942984094812,COMPLETE
144,0.6821744331303363,2025-11-14 22:59:50.961959,2025-11-14 22:59:51.253602,0 days 00:00:00.291643,299.9757087241695,449.9351910736556,COMPLETE
145,0.6826058939289815,2025-11-14 22:59:51.253736,2025-11-14 22:59:51.540089,0 days 00:00:00.286353,299.9813627684989,437.38962313856194,COMPLETE
146,0.6821898596671623,2025-11-14 22:59:51.540202,2025-11-14 22:59:51.827605,0 days 00:00:00.287403,299.45047032003407,449.7434155737884,COMPLETE
147,0.6824818073526222,2025-11-14 22:59:51.827727,2025-11-14 22:59:52.109475,0 days 00:00:00.281748,299.74702268111884,441.0871651593764,COMPLETE
148,0.6827457721321015,2025-11-14 22:59:52.109591,2025-11-14 22:59:52.394782,0 days 00:00:00.285191,299.6249134621807,433.55459886734053,COMPLETE
149,0.6823079896966632,2025-11-14 22:59:52.394885,2025-11-14 22:59:52.700805,0 days 00:00:00.305920,292.1648296604024,449.9256847959252,COMPLETE
150,0.6826090508261267,2025-11-14 22:59:52.700921,2025-11-14 22:59:53.025353,0 days 00:00:00.324432,292.97733443961835,440.8003430321203,COMPLETE
151,0.6823731922024087,2025-11-14 22:59:53.025469,2025-11-14 22:59:53.315943,0 days 00:00:00.290474,291.62723192733756,448.29648454853003,COMPLETE
152,0.6822511757769203,2025-11-14 22:59:53.316060,2025-11-14 22:59:53.600600,0 days 00:00:00.284540,295.99970885892424,449.6666053882492,COMPLETE
153,0.6824933349961019,2025-11-14 22:59:53.600713,2025-11-14 22:59:53.884122,0 days 00:00:00.283409,283.96084493746133,448.67377027589913,COMPLETE
154,0.6858770943801669,2025-11-14 22:59:53.884243,2025-11-14 22:59:54.169936,0 days 00:00:00.285693,88.09607001420945,449.5503520066357,COMPLETE
155,0.6827342800561395,2025-11-14 22:59:54.170049,2025-11-14 22:59:54.454759,0 days 00:00:00.284710,293.9823423732595,436.7055096726674,COMPLETE
156,0.6886551757567381,2025-11-14 22:59:54.454878,2025-11-14 22:59:54.737356,0 days 00:00:00.282478,288.35247421955415,276.9187202874166,COMPLETE
157,0.682511440212911,2025-11-14 22:59:54.737468,2025-11-14 22:59:55.021195,0 days 00:00:00.283727,295.2365618073152,442.4816682493926,COMPLETE
158,0.6824929827873827,2025-11-14 22:59:55.021307,2025-11-14 22:59:55.304632,0 days 00:00:00.283325,281.46995014635695,449.94260739013095,COMPLETE
159,0.6828876819655493,2025-11-14 22:59:55.304746,2025-11-14 22:59:55.584558,0 days 00:00:00.279812,299.84242663801723,429.3997604494448,COMPLETE
160,0.6894856523799752,2025-11-14 22:59:55.584659,2025-11-14 22:59:55.867084,0 days 00:00:00.282425,289.7879402619206,250.65575516323648,COMPLETE
161,0.6824542469352088,2025-11-14 22:59:55.867190,2025-11-14 22:59:56.153318,0 days 00:00:00.286128,295.7808451314786,443.86400321467363,COMPLETE
162,0.6823885263775218,2025-11-14 22:59:56.153435,2025-11-14 22:59:56.433241,0 days 00:00:00.279806,299.9999053018106,443.66684051050345,COMPLETE
163,0.6827830462025934,2025-11-14 22:59:56.433355,2025-11-14 22:59:56.716126,0 days 00:00:00.282771,290.82758362772074,436.89784806185196,COMPLETE
164,0.6826199110722223,2025-11-14 22:59:56.716235,2025-11-14 22:59:57.000234,0 days 00:00:00.283999,285.0903746576188,444.4583865627192,COMPLETE
165,0.682254812767086,2025-11-14 22:59:57.000343,2025-11-14 22:59:57.283958,0 days 00:00:00.283615,295.7714322799414,449.67421779167813,COMPLETE
166,0.6822584994455191,2025-11-14 22:59:57.284061,2025-11-14 22:59:57.563502,0 days 00:00:00.279441,295.1574155643399,449.87319803356405,COMPLETE
167,0.6826004954236611,2025-11-14 22:59:57.563613,2025-11-14 22:59:57.846502,0 days 00:00:00.282889,294.98338379623533,440.040996852132,COMPLETE
168,0.6829569763886579,2025-11-14 22:59:57.846611,2025-11-14 22:59:58.130705,0 days 00:00:00.284094,286.0010083632365,434.39252986709783,COMPLETE
169,0.6825474155284373,2025-11-14 22:59:58.130812,2025-11-14 22:59:58.411287,0 days 00:00:00.280475,278.58110167293813,449.8353916074289,COMPLETE
170,0.6823292597352728,2025-11-14 22:59:58.411388,2025-11-14 22:59:58.696216,0 days 00:00:00.284828,290.93170525977615,449.92412778641153,COMPLETE
171,0.6823424378692508,2025-11-14 22:59:58.696323,2025-11-14 22:59:58.981486,0 days 00:00:00.285163,291.00045613219146,449.5057909973244,COMPLETE
172,0.6825317098422451,2025-11-14 22:59:58.981596,2025-11-14 22:59:59.264190,0 days 00:00:00.282594,295.3582585812496,441.83548019174276,COMPLETE
173,0.6823495467960952,2025-11-14 22:59:59.264327,2025-11-14 22:59:59.550198,0 days 00:00:00.285871,299.914339598992,444.8435761062,COMPLETE
174,0.6823525578794741,2025-11-14 22:59:59.550309,2025-11-14 22:59:59.834623,0 days 00:00:00.284314,289.54206932195854,449.9436042072338,COMPLETE
175,0.6844831337048505,2025-11-14 22:59:59.834738,2025-11-14 23:00:00.120347,0 days 00:00:00.285609,192.69584887813326,440.2796374059586,COMPLETE
176,0.6824354035656351,2025-11-14 23:00:00.120462,2025-11-14 23:00:00.400343,0 days 00:00:00.279881,294.0846590810315,445.25870694362976,COMPLETE
177,0.6848312578282406,2025-11-14 23:00:00.400453,2025-11-14 23:00:00.685199,0 days 00:00:00.284746,283.0044488235977,384.513093623015,COMPLETE
178,0.6826572681694301,2025-11-14 23:00:00.685308,2025-11-14 23:00:00.970088,0 days 00:00:00.284780,295.9081335442549,437.9468102829605,COMPLETE
179,0.6825411196241272,2025-11-14 23:00:00.970201,2025-11-14 23:00:01.252691,0 days 00:00:00.282490,288.4397080665454,445.0366581677719,COMPLETE
180,0.6827574593332584,2025-11-14 23:00:01.252799,2025-11-14 23:00:01.537660,0 days 00:00:00.284861,299.97699729768135,433.04489191036345,COMPLETE
181,0.6824535673447051,2025-11-14 23:00:01.537782,2025-11-14 23:00:01.822125,0 days 00:00:00.284343,292.49570158216096,445.52858934462864,COMPLETE
182,0.6825890837507961,2025-11-14 23:00:01.822239,2025-11-14 23:00:02.102796,0 days 00:00:00.280557,295.6742006979493,440.02364672147667,COMPLETE
183,0.6825215505088138,2025-11-14 23:00:02.102915,2025-11-14 23:00:02.386216,0 days 00:00:00.283301,287.9633847511293,445.8409134172152,COMPLETE
184,0.6822455594943799,2025-11-14 23:00:02.386329,2025-11-14 23:00:02.670727,0 days 00:00:00.284398,296.07608838200565,449.7928170721688,COMPLETE
185,0.682321748673261,2025-11-14 23:00:02.670834,2025-11-14 23:00:02.950535,0 days 00:00:00.279701,291.6280241898613,449.79365921409504,COMPLETE
186,0.6825393347869941,2025-11-14 23:00:02.950645,2025-11-14 23:00:03.234327,0 days 00:00:00.283682,296.42218067292686,441.08340755635305,COMPLETE
187,0.6824203636575753,2025-11-14 23:00:03.234432,2025-11-14 23:00:03.516966,0 days 00:00:00.282534,285.66716310019854,449.92450303105255,COMPLETE
188,0.6826741864529066,2025-11-14 23:00:03.517079,2025-11-14 23:00:03.800199,0 days 00:00:00.283120,295.9755590182826,437.42772053563345,COMPLETE
189,0.6825335424796141,2025-11-14 23:00:03.800301,2025-11-14 23:00:04.080741,0 days 00:00:00.280440,291.11215513809856,443.9112894313102,COMPLETE
190,0.6826399111632164,2025-11-14 23:00:04.080855,2025-11-14 23:00:04.364504,0 days 00:00:00.283649,281.7550095146886,445.57059207973043,COMPLETE
191,0.6821819935962107,2025-11-14 23:00:04.364623,2025-11-14 23:00:04.648455,0 days 00:00:00.283832,299.9568437100774,449.72249234817195,COMPLETE
192,0.6821789960107831,2025-11-14 23:00:04.648562,2025-11-14 23:00:04.928024,0 days 00:00:00.279462,299.6206954745204,449.97772589580404,COMPLETE
193,0.6821876016997653,2025-11-14 23:00:04.928119,2025-11-14 23:00:05.211679,0 days 00:00:00.283560,299.42968806270284,449.8200446194108,COMPLETE
194,0.682470963036826,2025-11-14 23:00:05.211786,2025-11-14 23:00:05.495055,0 days 00:00:00.283269,299.6109908910507,441.46881289433907,COMPLETE
195,0.6823461220024811,2025-11-14 23:00:05.495165,2025-11-14 23:00:05.775084,0 days 00:00:00.279919,299.94055314582283,444.93028499436554,COMPLETE
196,0.682621557204177,2025-11-14 23:00:05.775196,2025-11-14 23:00:06.062286,0 days 00:00:00.287090,296.114283060249,438.86936439677237,COMPLETE
197,0.682763795097896,2025-11-14 23:00:06.062405,2025-11-14 23:00:06.347199,0 days 00:00:00.284794,296.05553282502785,434.82302589487205,COMPLETE
198,0.6823325257753553,2025-11-14 23:00:06.347314,2025-11-14 23:00:06.627227,0 days 00:00:00.279913,299.7019283614015,445.445188499089,COMPLETE
199,0.68228272958867,2025-11-14 23:00:06.627348,2025-11-14 23:00:06.913146,0 days 00:00:00.285798,294.05626743987824,449.71568625933156,COMPLETE
